model,term,coefficient,std_error,t_stat,p_value,ci_95_lower,ci_95_upper,window_start,window_end
state_2-year,Intercept,-120.5111386983701,4.468668111181109,-26.968021723707277,3.506798788744514e-160,-129.2695672551477,-111.7527101415925,2024-08-01,2026-07-01
state_2-year,C(calendar_month)[T.2],-9.382305830547963,1.5822498802767397,-5.929724468619946,3.0344343100925944e-09,-12.483458610433185,-6.281153050662741,2024-08-01,2026-07-01
state_2-year,C(calendar_month)[T.3],-17.894940645916236,2.7933278021960732,-6.406316019139428,1.4907780701297078e-10,-23.369762535234962,-12.420118756597509,2024-08-01,2026-07-01
state_2-year,C(calendar_month)[T.4],-16.451238195660007,3.2637895591273183,-5.040532760347082,4.6423764535618023e-07,-22.848148184667412,-10.054328206652603,2024-08-01,2026-07-01
state_2-year,C(calendar_month)[T.5],-10.118590223820156,2.506863844697813,-4.036354126380521,5.4288253860721384e-05,-15.031953073573481,-5.205227374066832,2024-08-01,2026-07-01
state_2-year,C(calendar_month)[T.6],-2.4651170526419395,4.018867240251366,-0.6133860377253356,0.5396211158971764,-10.341952102182496,5.411717996898618,2024-08-01,2026-07-01
state_2-year,C(calendar_month)[T.7],-10.111788151629314,2.107543829052173,-4.79790171489667,1.6033641590537399e-06,-14.242498152411214,-5.981078150847415,2024-08-01,2026-07-01
state_2-year,C(calendar_month)[T.8],-12.184412788441925,3.2816684932684366,-3.7128713072131916,0.00020492110110802148,-18.616364844447887,-5.7524607324359645,2024-08-01,2026-07-01
state_2-year,C(calendar_month)[T.9],-5.509367479325965,3.5754714397361504,-1.5408786148023392,0.12334633146060897,-12.517162728960393,1.4984277703084645,2024-08-01,2026-07-01
state_2-year,C(calendar_month)[T.10],-0.4083293367157812,3.2915009970726348,-0.12405566247099345,0.901271203121427,-6.859552746055824,6.042894072624261,2024-08-01,2026-07-01
state_2-year,C(calendar_month)[T.11],-14.570569839523323,2.032242200115781,-7.16970144537556,7.516149651642364e-13,-18.553691359612696,-10.587448319433951,2024-08-01,2026-07-01
state_2-year,C(calendar_month)[T.12],-5.931595228529446,1.6896452255150014,-3.5105566180151837,0.0004471695692573444,-9.243239017188905,-2.6199514398699852,2024-08-01,2026-07-01
state_2-year,C(Commodity)[T.Bengal Gram(Gram)(Whole)],22.905341823813835,2.316907648664926,9.886169540254487,4.7796757706702026e-23,18.3642862769252,27.44639737070247,2024-08-01,2026-07-01
state_2-year,C(Commodity)[T.Onion],20.275839795699476,2.982715481820224,6.797778708455959,1.0624447857610417e-11,14.429824875201803,26.12185471619715,2024-08-01,2026-07-01
state_2-year,C(Commodity)[T.Potato],22.674605598904257,2.7841159888982387,8.144274767761132,3.8156188469727353e-16,17.217838531881593,28.13137266592692,2024-08-01,2026-07-01
state_2-year,C(Commodity)[T.Rice],29.52301428625366,3.9402065790133642,7.492757979620013,6.744119292316152e-14,21.800351299739688,37.24567727276763,2024-08-01,2026-07-01
state_2-year,C(Commodity)[T.Soyabean],30.517925876683925,2.9456846520610203,10.360214850334136,3.761162399397153e-25,24.744490048831924,36.29136170453592,2024-08-01,2026-07-01
state_2-year,C(Commodity)[T.Tomato],39.61521760428039,3.178180130070167,12.464749001940861,1.1623718880519464e-35,33.386099012962035,45.84433619559874,2024-08-01,2026-07-01
state_2-year,C(Commodity)[T.Wheat],25.556318779299723,2.4500730297803934,10.430839598928365,1.79296927201764e-25,20.75426388143722,30.358373677162227,2024-08-01,2026-07-01
state_2-year,C(region)[T.Andhra Pradesh],104.27845522642862,2.2585519980996764,46.17049123250981,0.0,99.85177465294228,108.70513579991496,2024-08-01,2026-07-01
state_2-year,C(region)[T.Arunachal Pradesh],2.6671839498545673e-13,1.4016299316399327e-14,19.02915947816492,9.780891705515481e-81,2.3924695312878065e-13,2.941898368421328e-13,2024-08-01,2026-07-01
state_2-year,C(region)[T.Assam],151.70851391001253,3.1087979238389067,48.799734697028775,0.0,145.61538194407538,157.80164587594967,2024-08-01,2026-07-01
state_2-year,C(region)[T.Bihar],102.28103957820814,2.5134317196488882,40.69378084895666,0.0,97.35480393009574,107.20727522632053,2024-08-01,2026-07-01
state_2-year,C(region)[T.Chandigarh],98.2437058748876,1.9702309428281455,49.8640559029414,0.0,94.38212418571804,102.10528756405715,2024-08-01,2026-07-01
state_2-year,C(region)[T.Chhattisgarh],103.02951976385667,2.371125880570445,43.451729243101106,0.0,98.38219843512778,107.67684109258556,2024-08-01,2026-07-01
state_2-year,C(region)[T.Delhi],109.62528614738292,2.084900504816123,52.580584010675025,0.0,105.53895624659394,113.7116160481719,2024-08-01,2026-07-01
state_2-year,C(region)[T.Goa],104.9870371115773,2.6414664179793603,39.74573986516516,0.0,99.80985806596573,110.16421615718886,2024-08-01,2026-07-01
state_2-year,C(region)[T.Gujarat],107.02495670146968,2.8608445891246044,37.41026587334423,2.6607082222251726e-306,101.41780434141916,112.6321090615202,2024-08-01,2026-07-01
state_2-year,C(region)[T.Haryana],106.58004986026216,2.7338873187889807,38.98479982250092,0.0,101.22172917764499,111.93837054287934,2024-08-01,2026-07-01
state_2-year,C(region)[T.Himachal Pradesh],103.2711918340311,2.76086984468034,37.40530979141035,3.2031051447978936e-306,97.85998637245494,108.68239729560726,2024-08-01,2026-07-01
state_2-year,C(region)[T.Jammu and Kashmir],94.48666011494,2.5142380632530954,37.58063386912797,4.453924888882287e-309,89.55884406240419,99.4144761674758,2024-08-01,2026-07-01
state_2-year,C(region)[T.Jharkhand],7.608971864611893e-15,1.3085719891642529e-15,5.814713999396796,6.073763952416996e-09,5.044217894672019e-15,1.0173725834551767e-14,2024-08-01,2026-07-01
state_2-year,C(region)[T.Karnataka],101.39537635546873,2.5525674631631454,39.72289775637092,0.0,96.3924360595602,106.39831665137726,2024-08-01,2026-07-01
state_2-year,C(region)[T.Kerala],105.5922263757405,2.9324391633368103,36.008326343448346,6.197041890683388e-284,99.84475122874558,111.33970152273541,2024-08-01,2026-07-01
state_2-year,C(region)[T.Madhya Pradesh],108.80487459206395,3.3789373427724168,32.200915126407644,1.7136066404197535e-227,102.18227909421255,115.42747008991536,2024-08-01,2026-07-01
state_2-year,C(region)[T.Maharashtra],107.2177758883545,3.1489895154418455,34.04831148614047,4.2991767489704964e-254,101.04586985039424,113.38968192631475,2024-08-01,2026-07-01
state_2-year,C(region)[T.Manipur],105.45940861834215,2.610069722515198,40.40482432657623,0.0,100.34376596507391,110.57505127161039,2024-08-01,2026-07-01
state_2-year,C(region)[T.Meghalaya],100.47080601006996,2.2461334983637915,44.73055857243502,0.0,96.06846524880798,104.87314677133195,2024-08-01,2026-07-01
state_2-year,C(region)[T.Mizoram],1.6361683444394363e-15,6.608516265174211e-16,2.4758482521436367,0.013292005974859128,3.4092295734057603e-16,2.9314137315382963e-15,2024-08-01,2026-07-01
state_2-year,C(region)[T.Nagaland],93.5692814553931,1.9472311491753653,48.05247774257249,0.0,89.75277853343484,97.38578437735136,2024-08-01,2026-07-01
state_2-year,C(region)[T.Odisha],105.10747817615791,2.6249156270273852,40.04223110789585,0.0,99.96273808472786,110.25221826758796,2024-08-01,2026-07-01
state_2-year,C(region)[T.Punjab],108.45235997801608,2.975880889137542,36.443783880559586,8.630103699258999e-291,102.61974061302546,114.2849793430067,2024-08-01,2026-07-01
state_2-year,C(region)[T.Rajasthan],110.23343385500206,3.1521193530137666,34.971211908459935,6.164710544572242e-268,104.05539344812338,116.41147426188074,2024-08-01,2026-07-01
state_2-year,C(region)[T.Sikkim],-5.199317891444272e-16,5.11211497706361e-16,-1.0170580894154206,0.30912579620836844,-1.5218879131316752e-15,4.820243348428208e-16,2024-08-01,2026-07-01
state_2-year,C(region)[T.Tamil Nadu],128.51643439457666,3.4637035371762153,37.10376278315947,2.4431100806843e-301,121.7277002085873,135.30516858056603,2024-08-01,2026-07-01
state_2-year,C(region)[T.Telangana],103.63205986208935,2.484366316949839,41.71367932138236,0.0,98.76279135646324,108.50132836771546,2024-08-01,2026-07-01
state_2-year,C(region)[T.Tripura],101.25711459930987,2.710111604559859,37.362710240028925,1.5765131597500252e-305,95.94539346028849,106.56883573833126,2024-08-01,2026-07-01
state_2-year,C(region)[T.Uttar Pradesh],108.73999423247938,3.153129280419692,34.48637355522756,1.2839599206456079e-260,102.55997440425809,114.92001406070067,2024-08-01,2026-07-01
state_2-year,C(region)[T.Uttarakhand],100.37810058157562,2.2092537369714647,45.43529740462407,0.0,96.04804282440102,104.70815833875022,2024-08-01,2026-07-01
state_2-year,C(region)[T.West Bengal],107.53978018432016,3.022547771635261,35.57918296395988,2.940560134977956e-277,101.61569541036326,113.46386495827707,2024-08-01,2026-07-01
state_2-year,rainfall_anomaly_lag1_z,-1.4114462914466943,0.9371288211271,-1.5061390276623068,0.1320314876524656,-3.2481850297302888,0.4252924468369004,2024-08-01,2026-07-01
state_2-year,temperature_anomaly_lag1_z,4.988501944064856,0.9670836930715222,5.15829393030198,2.4921018397952835e-07,3.0930527356086843,6.8839511525210275,2024-08-01,2026-07-01
state_2-year,relative_humidity_pct_z,-2.0326946195982907,1.526286556217492,-1.3317909479827958,0.18292889331025708,-5.024161299872244,0.9587720606756625,2024-08-01,2026-07-01
state_2-year,log_source_rows_z,-2.731718966647236,0.777341965153549,-3.5141792018235334,0.0004411151195632192,-4.255281222019782,-1.20815671127469,2024-08-01,2026-07-01
state_2-year,trend_years_z,-11.018983904486742,1.281620434483138,-8.597696796969819,8.1331834550439e-18,-13.530913797924267,-8.507054011049217,2024-08-01,2026-07-01
state_5-year,Intercept,-50.08405371607306,3.8401798035814037,-13.042111640023728,7.047766590342566e-39,-57.61066782525071,-42.55743960689541,2021-08-01,2026-07-01
state_5-year,C(calendar_month)[T.2],-3.7129145561493067,0.9467856709277774,-3.9215998616782346,8.796297912860522e-05,-5.568580372246342,-1.8572487400522715,2021-08-01,2026-07-01
state_5-year,C(calendar_month)[T.3],-4.4765460749706065,1.2916015785486898,-3.465887739159226,0.0005284838916790151,-7.008038651301121,-1.945053498640093,2021-08-01,2026-07-01
state_5-year,C(calendar_month)[T.4],-3.972383620639634,1.4329673436108044,-2.7721382754124635,0.005568937486040863,-6.780948005138843,-1.1638192361404252,2021-08-01,2026-07-01
state_5-year,C(calendar_month)[T.5],0.7143404344133446,1.2666896913574452,0.5639427235314619,0.5727931128429155,-1.7683257402354051,3.197006609062094,2021-08-01,2026-07-01
state_5-year,C(calendar_month)[T.6],6.479830379921649,1.6053457864714142,4.036407878307925,5.4275823304470813e-05,3.3334104557045485,9.626250304138749,2021-08-01,2026-07-01
state_5-year,C(calendar_month)[T.7],5.590962658544262,1.878501546917795,2.9762885570777375,0.0029176019639267454,1.9091672816826053,9.272758035405918,2021-08-01,2026-07-01
state_5-year,C(calendar_month)[T.8],4.118384481073877,1.9340002654851192,2.129464279075904,0.0332158672253839,0.3278136146321402,7.908955347515613,2021-08-01,2026-07-01
state_5-year,C(calendar_month)[T.9],-0.5294105127954121,1.7182680840797013,-0.30810705133882677,0.758000875875701,-3.897154073376268,2.8383330477854436,2021-08-01,2026-07-01
state_5-year,C(calendar_month)[T.10],-1.6046400157278826,1.5097108012822869,-1.0628790721805572,0.28783679475929913,-4.563618813312272,1.3543387818565062,2021-08-01,2026-07-01
state_5-year,C(calendar_month)[T.11],-3.066569273399529,0.9380942706751353,-3.2689350838829405,0.0010795306576827605,-4.905200258026163,-1.227938288772895,2021-08-01,2026-07-01
state_5-year,C(calendar_month)[T.12],1.1292130888607337,0.94129851261746,1.1996333508705346,0.23028176806653444,-0.7156980945706095,2.9741242722920767,2021-08-01,2026-07-01
state_5-year,C(Commodity)[T.Bengal Gram(Gram)(Whole)],-2.906229564197836,1.3432969349882935,-2.1635049470452064,0.030502363651775992,-5.539043177317934,-0.2734159510777383,2021-08-01,2026-07-01
state_5-year,C(Commodity)[T.Onion],-2.8427216972444214,1.8223028140528512,-1.559961206953377,0.11876904882989286,-6.414369581714,0.728926187225158,2021-08-01,2026-07-01
state_5-year,C(Commodity)[T.Potato],-2.7562239837210565,1.750695233877195,-1.574359677450516,0.11540432030440868,-6.187523590026286,0.6750756225841728,2021-08-01,2026-07-01
state_5-year,C(Commodity)[T.Rice],0.9889349910949093,1.611503587103282,0.6136722245046595,0.5394319462304169,-2.169554000584629,4.1474239827744475,2021-08-01,2026-07-01
state_5-year,C(Commodity)[T.Soyabean],-4.526657485172055,1.460852648822155,-3.0986407074127382,0.0019441062875325955,-7.389876063583418,-1.6634389067606916,2021-08-01,2026-07-01
state_5-year,C(Commodity)[T.Tomato],16.577356921993715,2.31563008813265,7.158896840627028,8.132885583626419e-13,12.03880534773641,21.11590849625102,2021-08-01,2026-07-01
state_5-year,C(Commodity)[T.Wheat],-1.2970405286324083,1.6045631010870305,-0.8083449804832933,0.4188920154341843,-4.44192641768489,1.8478453604200735,2021-08-01,2026-07-01
state_5-year,C(region)[T.Andhra Pradesh],60.35196463030564,2.2938420116469738,26.31042779924196,1.4570772266958829e-152,55.85611690125266,64.84781235935861,2021-08-01,2026-07-01
state_5-year,C(region)[T.Arunachal Pradesh],-4.016182713940282e-15,9.518462536783692e-16,-4.219360740686761,2.449959967816557e-05,-5.881767089969262e-15,-2.1505983379113024e-15,2021-08-01,2026-07-01
state_5-year,C(region)[T.Assam],81.62746609982521,2.2320415908047466,36.57076393025231,8.341626628238886e-293,77.25274496985242,86.00218722979801,2021-08-01,2026-07-01
state_5-year,C(region)[T.Bihar],61.635568131452914,2.7928749104161197,22.068860979623906,6.2957563073303944e-108,56.16163389371179,67.10950236919403,2021-08-01,2026-07-01
state_5-year,C(region)[T.Chandigarh],61.930690171912495,2.3381993245390893,26.48648877876158,1.3870981541315557e-154,57.34790370714,66.513476636685,2021-08-01,2026-07-01
state_5-year,C(region)[T.Chhattisgarh],58.74021268337175,2.7341099728043634,21.48421726545337,2.187192795446764e-102,53.381455606903415,64.09896975984009,2021-08-01,2026-07-01
state_5-year,C(region)[T.Delhi],60.85832059373282,2.708111742704509,22.4726031921251,7.694644719631449e-112,55.55051911192198,66.16612207554365,2021-08-01,2026-07-01
state_5-year,C(region)[T.Goa],50.675107761679634,2.2490688590902175,22.53159460052214,2.0349733990128142e-112,46.26701379911222,55.08320172424705,2021-08-01,2026-07-01
state_5-year,C(region)[T.Gujarat],57.87985258044941,3.3554250345420127,17.24963364837907,1.1261113069213582e-66,51.303340359923,64.45636480097582,2021-08-01,2026-07-01
state_5-year,C(region)[T.Haryana],57.4064820511269,3.1396143092311743,18.28456504429187,1.0983617819588993e-74,51.2529510796872,63.5600130225666,2021-08-01,2026-07-01
state_5-year,C(region)[T.Himachal Pradesh],54.83563297346893,2.820820742964806,19.439602147789895,3.5692281200843675e-84,49.30692591041439,60.36434003652347,2021-08-01,2026-07-01
state_5-year,C(region)[T.Jammu and Kashmir],48.96630767072163,2.2097398384521747,22.159308900825344,8.484274396260779e-109,44.635297172152015,53.29731816929125,2021-08-01,2026-07-01
state_5-year,C(region)[T.Jharkhand],31.450088984467666,2.100919818955842,14.969675996534876,1.158844368622397e-50,27.332361804907805,35.567816164027526,2021-08-01,2026-07-01
state_5-year,C(region)[T.Karnataka],56.95228227899137,2.8686478983419126,19.85335401807589,1.0308510451979558e-87,51.329835713914704,62.574728844068034,2021-08-01,2026-07-01
state_5-year,C(region)[T.Kerala],55.90958959012749,2.747349719655384,20.35037228429024,4.607621093497064e-92,50.52488308666672,61.29429609358826,2021-08-01,2026-07-01
state_5-year,C(region)[T.Madhya Pradesh],57.366614001893076,3.627199905419168,15.81567476228296,2.4259655214258187e-56,50.257432822544416,64.47579518124174,2021-08-01,2026-07-01
state_5-year,C(region)[T.Maharashtra],59.16270088508571,3.3986988068325834,17.40745627889939,7.243148303242874e-68,52.50137362939459,65.82402814077683,2021-08-01,2026-07-01
state_5-year,C(region)[T.Manipur],59.42097156954269,2.838963496499266,20.930516240457074,2.824212736086131e-97,53.85670536298022,64.98523777610515,2021-08-01,2026-07-01
state_5-year,C(region)[T.Meghalaya],60.59506164140351,1.6347059456134299,37.067866428212554,9.25796201758112e-301,57.3910968626877,63.799026420119326,2021-08-01,2026-07-01
state_5-year,C(region)[T.Mizoram],8.315792634111838e-16,2.1158487376698052e-16,3.930239665085918,8.486123185920662e-05,4.1688053115444827e-16,1.2462779956679192e-15,2021-08-01,2026-07-01
state_5-year,C(region)[T.Nagaland],46.2302500635056,1.7125885340925073,26.9943708854753,1.7208145922223913e-160,42.87363821634804,49.58686191066316,2021-08-01,2026-07-01
state_5-year,C(region)[T.Odisha],52.663314369095545,2.676741419493539,19.67441232297286,3.572946626381092e-86,47.416997590961586,57.909631147229504,2021-08-01,2026-07-01
state_5-year,C(region)[T.Punjab],56.90634624813905,3.222532361375942,17.65889054527336,8.693161165721212e-70,50.59029888082739,63.22239361545071,2021-08-01,2026-07-01
state_5-year,C(region)[T.Rajasthan],58.22678314908089,3.563466178301109,16.33992866373735,5.131290369686383e-60,51.242517779484125,65.21104851867764,2021-08-01,2026-07-01
state_5-year,C(region)[T.Sikkim],-1.335457510613069e-15,2.895950500456217e-16,-4.611465252609415,3.9984050102747e-06,-1.903053378803562e-15,-7.67861642422576e-16,2021-08-01,2026-07-01
state_5-year,C(region)[T.Tamil Nadu],71.32701600674872,3.421984600157125,20.843757158776707,1.736598372714282e-96,64.62004943479006,78.03398257870738,2021-08-01,2026-07-01
state_5-year,C(region)[T.Telangana],59.1102716300764,2.7340211763064577,21.62026839526231,1.1580195370925671e-103,53.75168859154591,64.4688546686069,2021-08-01,2026-07-01
state_5-year,C(region)[T.Tripura],52.00290180425202,2.622658490655265,19.82831618738863,1.696236191711592e-87,46.86258561881952,57.143217989684516,2021-08-01,2026-07-01
state_5-year,C(region)[T.Uttar Pradesh],57.52877027569096,3.6466973133069462,15.775581391349961,4.581598167725025e-56,50.381374879090366,64.67616567229155,2021-08-01,2026-07-01
state_5-year,C(region)[T.Uttarakhand],52.805688314220546,2.606804012396094,20.256869355392464,3.0899588652996144e-91,47.696446335169696,57.9149302932714,2021-08-01,2026-07-01
state_5-year,C(region)[T.West Bengal],57.43304886559302,3.0068532256435865,19.100715783458323,2.490494375396293e-81,51.5397248365335,63.32637289465254,2021-08-01,2026-07-01
state_5-year,rainfall_anomaly_lag1_z,-0.9339721399535934,0.47707279860463775,-1.957714090355421,0.050263570932015354,-1.869017643222414,0.001073363315227116,2021-08-01,2026-07-01
state_5-year,temperature_anomaly_lag1_z,4.283778056006714,0.7103041688059424,6.030906538543852,1.6304246511078468e-09,2.8916074670784075,5.67594864493502,2021-08-01,2026-07-01
state_5-year,relative_humidity_pct_z,-1.8041462581415568,0.8887000275874442,-2.0300958727764153,0.042346794976528435,-3.5459663052726995,-0.06232621101041391,2021-08-01,2026-07-01
state_5-year,log_source_rows_z,-1.332853685315277,0.6932361333159826,-1.9226546644933058,0.05452343394063854,-2.6915715393964104,0.025864168765856288,2021-08-01,2026-07-01
state_5-year,trend_years_z,-4.629034994305627,0.5696589223465515,-8.125976461910936,4.4377515319437817e-16,-5.745545965576767,-3.5125240230344867,2021-08-01,2026-07-01
state_10-year,Intercept,-21.633353351559947,1.955837592309838,-11.06091499448634,1.941071694532442e-28,-25.466724592096764,-17.79998211102313,2016-08-01,2026-07-01
state_10-year,C(calendar_month)[T.2],-2.062325727719274,0.9165840705344999,-2.2500126218827288,0.024448144093139793,-3.8587974947700143,-0.26585396066853395,2016-08-01,2026-07-01
state_10-year,C(calendar_month)[T.3],-3.0675632593331246,1.033157144627033,-2.969115855497962,0.002986579707477245,-5.092514053172349,-1.0426124654939004,2016-08-01,2026-07-01
state_10-year,C(calendar_month)[T.4],-4.251127281913707,1.0393385466386846,-4.090223821354686,4.309571039740709e-05,-6.288193401069732,-2.2140611627576816,2016-08-01,2026-07-01
state_10-year,C(calendar_month)[T.5],-2.985222428281835,0.7454910333467067,-4.004370669463831,6.218279874868663e-05,-4.446358004438929,-1.5240868521247415,2016-08-01,2026-07-01
state_10-year,C(calendar_month)[T.6],-5.482458795825527,0.8779590493552814,-6.244549560542151,4.250231525314266e-10,-7.203226912462902,-3.7616906791881517,2016-08-01,2026-07-01
state_10-year,C(calendar_month)[T.7],-5.823108482692944,1.1215815435448322,-5.191872598303131,2.0818944972530343e-07,-8.021367913765657,-3.6248490516202305,2016-08-01,2026-07-01
state_10-year,C(calendar_month)[T.8],-3.5023100908255627,1.3748793330170992,-2.547358162072253,0.010854196729261556,-6.197024066627528,-0.8075961150235971,2016-08-01,2026-07-01
state_10-year,C(calendar_month)[T.9],-4.156293048125762,1.2912215548947628,-3.218884499232596,0.0012869030967593168,-6.687040791781305,-1.6255453044702186,2016-08-01,2026-07-01
state_10-year,C(calendar_month)[T.10],-2.28422804980699,1.0251458440103438,-2.2281981272744074,0.025867305907019376,-4.29347698296818,-0.27497911664579977,2016-08-01,2026-07-01
state_10-year,C(calendar_month)[T.11],-0.10680304049236493,0.8952868741044896,-0.11929476861725984,0.9050418279429878,-1.86153306956861,1.64792698858388,2016-08-01,2026-07-01
state_10-year,C(calendar_month)[T.12],1.4129152245208254,0.6971670863223318,2.026652221885832,0.04269799187876564,0.046492844122328014,2.7793376049193226,2016-08-01,2026-07-01
state_10-year,C(Commodity)[T.Bengal Gram(Gram)(Whole)],4.298940869982681,1.0160983649131001,4.230831402184512,2.3282914000489594e-05,2.307424670002968,6.290457069962395,2016-08-01,2026-07-01
state_10-year,C(Commodity)[T.Onion],22.547632838663063,1.294836655721481,17.413495933276277,6.517937922820057e-68,20.00979962758667,25.085466049739455,2016-08-01,2026-07-01
state_10-year,C(Commodity)[T.Potato],17.062579715443025,1.553493276978465,10.983362444045872,4.594959641054641e-28,14.017788842340128,20.107370588545923,2016-08-01,2026-07-01
state_10-year,C(Commodity)[T.Rice],7.25714680466593,1.6909366290180048,4.291791117494715,1.7723763906834832e-05,3.942971911651074,10.571321697680785,2016-08-01,2026-07-01
state_10-year,C(Commodity)[T.Soyabean],4.58846121190666,1.3327195131991236,3.4429309141668516,0.0005754462955582028,1.9763789645426244,7.200543459270696,2016-08-01,2026-07-01
state_10-year,C(Commodity)[T.Tomato],23.52521686578105,1.324555297179376,17.760841631812358,1.4208793436825196e-70,20.929136187777726,26.121297543784376,2016-08-01,2026-07-01
state_10-year,C(Commodity)[T.Wheat],6.384734962140648,1.3101996536797156,4.87310078598252,1.0986014053720735e-06,3.8167908283715537,8.952679095909742,2016-08-01,2026-07-01
state_10-year,C(region)[T.Andhra Pradesh],19.977962155587992,1.1084805695574456,18.022834774238827,1.289628096173714e-72,17.805380161692952,22.150544149483032,2016-08-01,2026-07-01
state_10-year,C(region)[T.Arunachal Pradesh],121.7207453763726,0.8830197412005666,137.84600694303765,0.0,119.99005848598162,123.45143226676359,2016-08-01,2026-07-01
state_10-year,C(region)[T.Assam],15.72084835520538,1.2098635031300964,12.993902464644329,1.3249488661200822e-38,13.349559462860928,18.092137247549832,2016-08-01,2026-07-01
state_10-year,C(region)[T.Bihar],12.631101113341616,1.517325868570089,8.324580352172488,8.462800891456977e-17,9.657197058133287,15.605005168549946,2016-08-01,2026-07-01
state_10-year,C(region)[T.Chandigarh],18.956955850514156,1.443108861880527,13.136192529377992,2.042481585265754e-39,16.128514455457736,21.785397245570575,2016-08-01,2026-07-01
state_10-year,C(region)[T.Chhattisgarh],23.114610227957893,1.5947669060425937,14.49403680273043,1.3214300119593705e-47,19.988924528378035,26.24029592753775,2016-08-01,2026-07-01
state_10-year,C(region)[T.Delhi],22.709192660795587,1.7649201540702069,12.86698019081731,6.904937092405122e-38,19.250012723229098,26.168372598362076,2016-08-01,2026-07-01
state_10-year,C(region)[T.Goa],7.676765713933592,0.9140856352767052,8.398300353565602,4.5298732101404076e-17,5.885190790005835,9.468340637861349,2016-08-01,2026-07-01
state_10-year,C(region)[T.Gujarat],27.438092993887118,2.3510732297113743,11.670454432104401,1.8045671835745859e-31,22.830074138636558,32.046111849137674,2016-08-01,2026-07-01
state_10-year,C(region)[T.Haryana],23.491592872956716,2.22394261859199,10.563039116463166,4.421117295589273e-26,19.132745436832717,27.850440309080714,2016-08-01,2026-07-01
state_10-year,C(region)[T.Himachal Pradesh],22.618260097359403,2.0597919013546204,10.980847182904508,4.7247196091645715e-28,18.581142155057066,26.65537803966174,2016-08-01,2026-07-01
state_10-year,C(region)[T.Jammu and Kashmir],14.489352585853643,1.4709198315515435,9.850538605200601,6.817763036286161e-23,11.606402691866895,17.372302479840393,2016-08-01,2026-07-01
state_10-year,C(region)[T.Jharkhand],17.811824926756422,1.503783615814672,11.844672823561053,2.2931152087499892e-32,14.864463199218248,20.759186654294595,2016-08-01,2026-07-01
state_10-year,C(region)[T.Karnataka],23.927323243433474,1.8439102369572875,12.976403495062177,1.6651792040015218e-38,20.313325588272473,27.541320898594474,2016-08-01,2026-07-01
state_10-year,C(region)[T.Kerala],19.04766522336596,1.642926752946538,11.593739763020212,4.4334333037862605e-31,15.827587958353412,22.26774248837851,2016-08-01,2026-07-01
state_10-year,C(region)[T.Madhya Pradesh],28.964647642601943,2.6091430193928398,11.10121117444231,1.237553180117017e-28,23.850821294077885,34.078473991126,2016-08-01,2026-07-01
state_10-year,C(region)[T.Maharashtra],27.427951409646624,2.4064908998446346,11.397488106610917,4.303573069060038e-30,22.711315916827754,32.14458690246549,2016-08-01,2026-07-01
state_10-year,C(region)[T.Manipur],15.23803399596753,1.3483932247037356,11.300882944821664,1.2990526209307135e-29,12.595231838550385,17.880836153384678,2016-08-01,2026-07-01
state_10-year,C(region)[T.Meghalaya],11.581316485205733,0.580449295628215,19.9523310174257,1.4306057553197444e-88,10.44365677092279,12.718976199488676,2016-08-01,2026-07-01
state_10-year,C(region)[T.Mizoram],4.056642517054209,0.25473113521409857,15.92519310073599,4.2370364392482264e-57,3.5573786662935736,4.5559063678148455,2016-08-01,2026-07-01
state_10-year,C(region)[T.Nagaland],2.9462595408989665,0.5681911097359051,5.185331995547037,2.1563039458022e-07,1.8326254294807467,4.059893652317186,2016-08-01,2026-07-01
state_10-year,C(region)[T.Odisha],20.019939375214687,1.817462567054226,11.015324187756638,3.223739931111741e-28,16.45777820053869,23.582100549890683,2016-08-01,2026-07-01
state_10-year,C(region)[T.Punjab],25.33092563504847,2.4244714187909766,10.448019901872208,1.4961627751892648e-25,20.57904897267143,30.08280229742551,2016-08-01,2026-07-01
state_10-year,C(region)[T.Rajasthan],27.662986683661995,2.5895702045404976,10.682462531874323,1.229657756638626e-26,22.587522347324597,32.73845101999939,2016-08-01,2026-07-01
state_10-year,C(region)[T.Sikkim],-2.3814731472875963e-15,2.2393005161525203e-16,-10.634897505312738,2.0505407522747064e-26,-2.8203679835096856e-15,-1.942578311065507e-15,2016-08-01,2026-07-01
state_10-year,C(region)[T.Tamil Nadu],29.776210624047398,1.5725949125062495,18.93444420253971,5.933858284237344e-80,26.693981233264232,32.85844001483056,2016-08-01,2026-07-01
state_10-year,C(region)[T.Telangana],25.008236861626397,1.4784970271979545,16.91463452518533,3.509872278139918e-64,22.11043593706887,27.906037786183923,2016-08-01,2026-07-01
state_10-year,C(region)[T.Tripura],15.290346744663976,1.4640287634079177,10.444020723384979,1.5605765044054495e-25,12.420903096053745,18.159790393274207,2016-08-01,2026-07-01
state_10-year,C(region)[T.Uttar Pradesh],28.316702269627488,2.749345316385,10.299434596618784,7.087665027456889e-25,22.928084468449008,33.70532007080597,2016-08-01,2026-07-01
state_10-year,C(region)[T.Uttarakhand],17.831249309750664,1.615027263162105,11.040834861721397,2.4276694690891653e-28,14.665854039902646,20.99664457959868,2016-08-01,2026-07-01
state_10-year,C(region)[T.West Bengal],22.841437746835982,2.0050371009538344,11.39202747718228,4.582021535640013e-30,18.911637241299868,26.771238252372097,2016-08-01,2026-07-01
state_10-year,rainfall_anomaly_lag1_z,1.1918726559665325,0.5016248148295472,2.3760241135031017,0.017500319116630646,0.20870608514904632,2.1750392267840186,2016-08-01,2026-07-01
state_10-year,temperature_anomaly_lag1_z,0.8060217027719904,0.6636351571339288,1.2145554588352323,0.22453568563622084,-0.49467930408508975,2.1067227096290706,2016-08-01,2026-07-01
state_10-year,relative_humidity_pct_z,2.2193484543813793,0.9626206076241215,2.3055276780943146,0.021137038460971605,0.33264673266203815,4.10605017610072,2016-08-01,2026-07-01
state_10-year,log_source_rows_z,-3.89312140368525,0.7569553901215456,-5.143131886622969,2.701957984473986e-07,-5.376726706226945,-2.4095161011435544,2016-08-01,2026-07-01
state_10-year,trend_years_z,-2.0323339112541863,0.3921189213384162,-5.1829529274364985,2.1840017386885526e-07,-2.8008728747341767,-1.263794947774196,2016-08-01,2026-07-01
