date,actual,train_end,train_n,naive_last,seasonal_naive,ridge_arx,random_forest,hist_gradient_boosting
2020-06-01,120.691539,2020-05-01,232,119.672714,111.835601,120.29238762499861,117.87155546034376,117.73249736646089
2020-07-01,123.042673,2020-06-01,233,120.691539,113.403024,121.30218724735896,118.3619001159472,118.26515970009484
2020-08-01,123.826384,2020-07-01,234,123.042673,114.343477,122.93267324480676,119.63146045539217,118.80117041711485
2020-09-01,126.491003,2020-08-01,235,123.826384,115.20556,123.64197180719053,120.3883518058716,120.13282920608684
2020-10-01,129.07725,2020-09-01,236,126.491003,117.243209,126.27388222208809,121.50340137366939,121.57488898514792
2020-11-01,129.625848,2020-10-01,237,129.07725,119.045745,128.28096075679377,123.0763972729989,123.11475532647916
2020-12-01,126.177518,2020-11-01,238,129.625848,121.47525,129.97944340286102,124.58804170747813,123.55186311231085
2021-01-01,123.5129,2020-12-01,239,126.177518,120.299683,127.29922941116806,125.28713775839853,124.68470380563159
2021-02-01,122.964302,2021-01-01,240,123.5129,117.948549,124.83751114307131,125.02366642273216,122.10920249606657
2021-03-01,122.807559,2021-02-01,241,122.964302,116.694611,124.1753848065776,124.57239728655811,122.56651922102489
2021-04-01,123.826384,2021-03-01,242,122.807559,120.691539,124.44610541321559,124.27512479010268,123.09732072541735
2021-05-01,125.942405,2021-04-01,243,123.826384,119.672714,125.18732790310533,124.93063088982726,123.88700398815067
2021-06-01,127.431456,2021-05-01,244,125.942405,120.691539,126.25075599243888,125.46303317580495,124.62246857024145
2021-07-01,128.528652,2021-06-01,245,127.431456,123.042673,127.02820292734219,126.08137303171304,126.17487144414267
2021-08-01,128.450281,2021-07-01,246,128.528652,123.826384,128.67095617600944,126.73493463476036,126.93739509317132
2021-09-01,128.528652,2021-08-01,247,128.450281,126.491003,129.1081029162721,127.21637311656414,127.60320676172256
2021-10-01,131.428384,2021-09-01,248,128.528652,129.07725,128.98245630182123,127.47409780866936,127.71080759694416
2021-12-01,131.820239,2021-10-01,249,132.995806,126.177518,131.606806415851,127.42803982644452,127.26099130745284
2022-01-01,130.409559,2021-12-01,250,131.820239,123.5129,130.92985022806153,128.43339570497093,127.66315567686031
2022-02-01,130.252817,2022-01-01,251,130.409559,122.964302,129.8621425677962,129.02615184436257,128.8142286654968
2022-03-01,131.976982,2022-02-01,252,130.252817,122.807559,129.57523454440064,129.3242972967451,129.27254448330223
2022-04-01,133.857889,2022-03-01,253,131.976982,123.826384,131.1596740662807,129.90028023771356,130.09870028283106
2022-05-01,135.817167,2022-04-01,254,133.857889,125.942405,133.02591787450473,130.6507298414767,131.03482041508187
2022-06-01,137.071105,2022-05-01,255,135.817167,127.431456,135.24404388456392,131.56142019410908,132.15436701690575
2022-07-01,137.149476,2022-06-01,256,137.071105,128.528652,136.75547771878138,132.67117797121747,133.15282259760775
2022-08-01,138.168301,2022-07-01,257,137.149476,128.450281,136.76085233746778,132.91986061397202,132.6201195659858
2023-03-01,138.716899,2022-08-01,258,138.403414,131.976982,136.51424835815692,133.45789573172883,132.07209581426162
2023-04-01,139.422239,2023-03-01,259,138.716899,133.857889,137.17287374842542,134.97616044007603,134.58181047361455
2023-05-01,140.362692,2023-04-01,260,139.422239,135.817167,137.772233727556,136.08246667645682,136.08589775372948
2023-06-01,143.497538,2023-05-01,261,140.362692,137.071105,138.83143689298214,136.34232044074935,137.10954527055196
2023-07-01,151.648135,2023-06-01,262,143.497538,137.149476,141.54017962742776,137.8885891028756,136.53581005178833
2023-08-01,150.864424,2023-07-01,263,151.648135,138.168301,147.85572377068866,140.0156219977925,140.64132198270258
2023-09-01,148.121434,2023-08-01,264,150.864424,139.343868,148.5091357048908,141.87435276258955,143.72314706158917
2023-10-01,149.610486,2023-09-01,265,148.121434,139.030383,147.22530118761085,143.49519888254866,144.63291953753608
2023-11-01,150.942795,2023-10-01,266,149.610486,138.403414,146.5669479674945,145.39011066752042,145.90195269302063
2023-12-01,149.845599,2023-11-01,267,150.942795,137.854816,148.55425579920256,147.0480275638798,147.2041294552708
2024-01-01,148.983517,2023-12-01,268,149.845599,138.481785,148.74682978794038,147.58686732359007,148.32700346337933
2024-02-01,149.140259,2024-01-01,269,148.983517,138.403414,147.64138165116623,148.41803703833085,147.38095344693525
2024-03-01,149.453743,2024-02-01,270,149.140259,138.716899,147.59447035173798,148.9728987110966,148.33368932407092
2024-04-01,150.394197,2024-03-01,271,149.453743,139.422239,148.743728463012,149.21330042927642,149.17838376887838
2024-05-01,151.413022,2024-04-01,272,150.394197,140.362692,150.21815648211106,148.78704183784973,149.844161580908
2024-06-01,155.48832,2024-05-01,273,151.413022,143.497538,151.74086491588866,148.91727965470432,150.2362236811717
2024-07-01,159.328506,2024-06-01,274,155.48832,151.648135,154.71874383445004,150.39970630030524,151.2216412246223
2024-08-01,158.858279,2024-07-01,275,159.328506,150.864424,159.06384424126014,152.09872409810788,151.571566901912
2024-09-01,160.504073,2024-08-01,276,158.858279,148.121434,159.58727273364246,152.8514320980492,153.01075700846835
2024-10-01,164.109145,2024-09-01,277,160.504073,149.610486,160.8391538803989,154.68469535263642,151.92594082434562
2024-11-01,163.325433,2024-10-01,278,164.109145,150.942795,163.02271936981924,156.8377861975819,155.78295515974142
2024-12-01,161.366155,2024-11-01,279,163.325433,149.845599,162.91813143024848,158.6937523181504,156.63225055916544
2025-01-01,157.447599,2024-12-01,280,161.366155,148.983517,162.00707893051313,159.97651998011457,159.3129132120298
2025-02-01,154.861351,2025-01-01,281,157.447599,149.140259,158.83701402841308,159.67619877610264,158.4678117870331
2025-03-01,153.764155,2025-02-01,282,154.861351,149.453743,157.28406686423963,158.11684431357597,158.1412838693766
2025-04-01,153.607413,2025-03-01,283,153.764155,150.394197,156.31357254510831,156.22815075067268,157.8269436445389
2025-05-01,153.685784,2025-04-01,284,153.607413,151.413022,156.03131643766562,155.17891572915104,157.6795167266158
2025-06-01,155.253207,2025-05-01,285,153.685784,155.48832,156.68756402307773,154.84569902438835,156.4102695273368
2025-07-01,157.996196,2025-06-01,286,155.253207,159.328506,157.3198615760944,157.19436918937132,157.51163773977697
2025-08-01,158.93665,2025-07-01,287,157.996196,158.858279,158.1522361085548,158.491588835498,158.79359120234673
2025-09-01,158.309681,2025-08-01,288,158.93665,160.504073,159.29360998605915,159.06127296019164,159.7550529566913
2025-10-01,157.996196,2025-09-01,289,158.309681,164.109145,158.61005335164418,158.94856666849202,159.02226142564038
2025-11-01,158.779908,2025-10-01,290,157.996196,163.325433,157.69921749130663,158.54598113980538,158.8677456105482
2025-12-01,158.388052,2025-11-01,291,158.779908,161.366155,157.91947810987512,158.14666372964115,159.04139657252398
