target_date,horizon_months,input_status,feature,feature_value,training_median,base_probability,median_replacement_probability,probability_contribution,absolute_contribution
2026-01-01,1,observed inputs,food_cpi_yoy_current,-1.8455561514742704,5.481632271849612,0.02586590744287365,0.02586590744287365,0.0,0.0
2026-01-01,1,observed inputs,food_cpi_yoy_lag1,-2.7831091070794844,5.481632271849612,0.02586590744287365,0.02586590744287365,0.0,0.0
2026-01-01,1,observed inputs,food_cpi_mom_current,-0.2467919303744792,0.5336184120685372,0.02586590744287365,0.06988067706554493,-0.044014769622671285,0.044014769622671285
2026-01-01,1,observed inputs,mandi_yoy_current,68.2570815391838,5.301875899761543,0.02586590744287365,0.022159525736699985,0.0037063817061736663,0.0037063817061736663
2026-01-01,1,observed inputs,world_wheat_yoy_current,-3.084361187790208,2.080076195077396,0.02586590744287365,0.024725789276764977,0.0011401181661086744,0.0011401181661086744
2026-01-01,1,observed inputs,world_crude_yoy_current,-15.808106650440468,5.412956319907392,0.02586590744287365,0.031985408738405566,-0.006119501295531914,0.006119501295531914
2026-01-01,1,observed inputs,rainfall_anomaly_current,-55.887596998865206,-1.0863060243871085,0.02586590744287365,0.011335782212735856,0.014530125230137796,0.014530125230137796
2026-01-01,1,observed inputs,temperature_anomaly_current,-0.5583481527433136,0.01040977391783926,0.02586590744287365,0.01895902726461981,0.006906880178253843,0.006906880178253843
2026-01-01,1,observed inputs,target_month_sin,0.4999999999999999,-2.4492935982947064e-16,0.02586590744287365,0.022511640328978788,0.0033542671138948633,0.0033542671138948633
2026-01-01,1,observed inputs,target_month_cos,0.8660254037844387,-1.8369701987210297e-16,0.02586590744287365,0.02641470188320428,-0.0005487944403306279,0.0005487944403306279
2026-01-01,1,observed inputs,trend_months,311.0,167.0,0.02586590744287365,0.017182721226209795,0.008683186216663856,0.008683186216663856
2026-02-01,2,conditional forecast inputs,food_cpi_yoy_current,0.359967571139741,5.481632271849612,0.01125168024908451,0.01125168024908451,0.0,0.0
2026-02-01,2,conditional forecast inputs,food_cpi_yoy_lag1,-1.8455561514742704,5.481632271849612,0.01125168024908451,0.01125168024908451,0.0,0.0
2026-02-01,2,conditional forecast inputs,food_cpi_mom_current,-0.2359349062906912,0.5336184120685372,0.01125168024908451,0.042662407749936654,-0.031410727500852144,0.031410727500852144
2026-02-01,2,conditional forecast inputs,mandi_yoy_current,93.80942056355036,5.301875899761543,0.01125168024908451,0.005028385633318835,0.006223294615765675,0.006223294615765675
2026-02-01,2,conditional forecast inputs,world_wheat_yoy_current,-3.2110018644527005,2.080076195077396,0.01125168024908451,0.01125168024908451,0.0,0.0
2026-02-01,2,conditional forecast inputs,world_crude_yoy_current,-22.110488472659352,5.412956319907392,0.01125168024908451,0.009827936879873721,0.0014237433692107886,0.0014237433692107886
2026-02-01,2,conditional forecast inputs,rainfall_anomaly_current,0.0,-1.0863060243871085,0.01125168024908451,0.01125168024908451,0.0,0.0
2026-02-01,2,conditional forecast inputs,temperature_anomaly_current,0.0,0.01040977391783926,0.01125168024908451,0.01125168024908451,0.0,0.0
2026-02-01,2,conditional forecast inputs,target_month_sin,0.8660254037844386,-2.4492935982947064e-16,0.01125168024908451,0.02175578242898335,-0.01050410217989884,0.01050410217989884
2026-02-01,2,conditional forecast inputs,target_month_cos,0.5000000000000001,-1.8369701987210297e-16,0.01125168024908451,0.011048276863345498,0.00020340338573901148,0.00020340338573901148
2026-02-01,2,conditional forecast inputs,trend_months,312.0,167.0,0.01125168024908451,0.003173523567839599,0.00807815668124491,0.00807815668124491
2026-03-01,3,conditional forecast inputs,food_cpi_yoy_current,1.791373589698253,5.481632271849612,0.01202362230026512,0.01202362230026512,0.0,0.0
2026-03-01,3,conditional forecast inputs,food_cpi_yoy_lag1,0.359967571139741,5.481632271849612,0.01202362230026512,0.01202362230026512,0.0,0.0
2026-03-01,3,conditional forecast inputs,food_cpi_mom_current,-0.2397648904552074,0.5336184120685372,0.01202362230026512,0.04549019357843386,-0.03346657127816874,0.03346657127816874
2026-03-01,3,conditional forecast inputs,mandi_yoy_current,108.92459176287366,5.301875899761543,0.01202362230026512,0.005648881729558906,0.0063747405707062135,0.0063747405707062135
2026-03-01,3,conditional forecast inputs,world_wheat_yoy_current,-8.350434572670206,2.080076195077396,0.01202362230026512,0.01202362230026512,0.0,0.0
2026-03-01,3,conditional forecast inputs,world_crude_yoy_current,-17.528007694495994,5.412956319907392,0.01202362230026512,0.014544983436620489,-0.0025213611363553694,0.0025213611363553694
2026-03-01,3,conditional forecast inputs,rainfall_anomaly_current,0.0,-1.0863060243871085,0.01202362230026512,0.01202362230026512,0.0,0.0
2026-03-01,3,conditional forecast inputs,temperature_anomaly_current,0.0,0.01040977391783926,0.01202362230026512,0.01202362230026512,0.0,0.0
2026-03-01,3,conditional forecast inputs,target_month_sin,1.0,-2.4492935982947064e-16,0.01202362230026512,0.013369552734870704,-0.0013459304346055845,0.0013459304346055845
2026-03-01,3,conditional forecast inputs,target_month_cos,6.123233995736766e-17,-1.8369701987210297e-16,0.01202362230026512,0.01202362230026512,0.0,0.0
2026-03-01,3,conditional forecast inputs,trend_months,313.0,167.0,0.01202362230026512,0.0056418041234617975,0.006381818176803322,0.006381818176803322
2026-04-01,4,conditional forecast inputs,food_cpi_yoy_current,2.583040378968016,5.481632271849612,0.01202362230026512,0.01202362230026512,0.0,0.0
2026-04-01,4,conditional forecast inputs,food_cpi_yoy_lag1,1.791373589698253,5.481632271849612,0.01202362230026512,0.01202362230026512,0.0,0.0
2026-04-01,4,conditional forecast inputs,food_cpi_mom_current,0.0637222401652426,0.5336184120685372,0.01202362230026512,0.04480104494089655,-0.03277742264063144,0.03277742264063144
2026-04-01,4,conditional forecast inputs,mandi_yoy_current,123.40170992074816,5.301875899761543,0.01202362230026512,0.005648881729558906,0.0063747405707062135,0.0063747405707062135
2026-04-01,4,conditional forecast inputs,world_wheat_yoy_current,-1.9200025836872412,2.080076195077396,0.01202362230026512,0.01202362230026512,0.0,0.0
2026-04-01,4,conditional forecast inputs,world_crude_yoy_current,-13.891298608225854,5.412956319907392,0.01202362230026512,0.014544983436620489,-0.0025213611363553694,0.0025213611363553694
2026-04-01,4,conditional forecast inputs,rainfall_anomaly_current,0.0,-1.0863060243871085,0.01202362230026512,0.01202362230026512,0.0,0.0
2026-04-01,4,conditional forecast inputs,temperature_anomaly_current,0.0,0.01040977391783926,0.01202362230026512,0.01202362230026512,0.0,0.0
2026-04-01,4,conditional forecast inputs,target_month_sin,0.8660254037844387,-2.4492935982947064e-16,0.01202362230026512,0.013369552734870704,-0.0013459304346055845,0.0013459304346055845
2026-04-01,4,conditional forecast inputs,target_month_cos,-0.4999999999999998,-1.8369701987210297e-16,0.01202362230026512,0.01202362230026512,0.0,0.0
2026-04-01,4,conditional forecast inputs,trend_months,314.0,167.0,0.01202362230026512,0.0056418041234617975,0.006381818176803322,0.006381818176803322
2026-05-01,5,conditional forecast inputs,food_cpi_yoy_current,3.155344247268954,5.481632271849612,0.00797033400471516,0.00797033400471516,0.0,0.0
2026-05-01,5,conditional forecast inputs,food_cpi_yoy_lag1,2.583040378968016,5.481632271849612,0.00797033400471516,0.00797033400471516,0.0,0.0
2026-05-01,5,conditional forecast inputs,food_cpi_mom_current,0.4553879310639441,0.5336184120685372,0.00797033400471516,0.016941460877998554,-0.008971126873283395,0.008971126873283395
2026-05-01,5,conditional forecast inputs,mandi_yoy_current,129.46745732075243,5.301875899761543,0.00797033400471516,0.0036213849147916383,0.004348949089923521,0.004348949089923521
2026-05-01,5,conditional forecast inputs,world_wheat_yoy_current,1.6348454677799884,2.080076195077396,0.00797033400471516,0.00797033400471516,0.0,0.0
2026-05-01,5,conditional forecast inputs,world_crude_yoy_current,-7.624611182763063,5.412956319907392,0.00797033400471516,0.009650020161338039,-0.0016796861566228793,0.0016796861566228793
2026-05-01,5,conditional forecast inputs,rainfall_anomaly_current,0.0,-1.0863060243871085,0.00797033400471516,0.00797033400471516,0.0,0.0
2026-05-01,5,conditional forecast inputs,temperature_anomaly_current,0.0,0.01040977391783926,0.00797033400471516,0.00797033400471516,0.0,0.0
2026-05-01,5,conditional forecast inputs,target_month_sin,0.4999999999999999,-2.4492935982947064e-16,0.00797033400471516,0.014612862443438597,-0.006642528438723438,0.006642528438723438
2026-05-01,5,conditional forecast inputs,target_month_cos,-0.8660254037844387,-1.8369701987210297e-16,0.00797033400471516,0.00797033400471516,0.0,0.0
2026-05-01,5,conditional forecast inputs,trend_months,315.0,167.0,0.00797033400471516,0.003115693701136189,0.0048546403035789705,0.0048546403035789705
2026-06-01,6,conditional forecast inputs,food_cpi_yoy_current,3.494369820059995,5.481632271849612,0.008540293052855235,0.008540293052855235,0.0,0.0
2026-06-01,6,conditional forecast inputs,food_cpi_yoy_lag1,3.155344247268954,5.481632271849612,0.008540293052855235,0.00837171912352424,0.00016857392933099583,0.00016857392933099583
2026-06-01,6,conditional forecast inputs,food_cpi_mom_current,0.3798433698113612,0.5336184120685372,0.008540293052855235,0.017169045399477514,-0.00862875234662228,0.00862875234662228
2026-06-01,6,conditional forecast inputs,mandi_yoy_current,127.93294574258756,5.301875899761543,0.008540293052855235,0.003881567201823919,0.004658725851031316,0.004658725851031316
2026-06-01,6,conditional forecast inputs,world_wheat_yoy_current,0.8601793424111603,2.080076195077396,0.008540293052855235,0.008540293052855235,0.0,0.0
2026-06-01,6,conditional forecast inputs,world_crude_yoy_current,-2.978018125224269,5.412956319907392,0.008540293052855235,0.010605429276244442,-0.002065136223389207,0.002065136223389207
2026-06-01,6,conditional forecast inputs,rainfall_anomaly_current,0.0,-1.0863060243871085,0.008540293052855235,0.008540293052855235,0.0,0.0
2026-06-01,6,conditional forecast inputs,temperature_anomaly_current,0.0,0.01040977391783926,0.008540293052855235,0.008540293052855235,0.0,0.0
2026-06-01,6,conditional forecast inputs,target_month_sin,1.2246467991473532e-16,-2.4492935982947064e-16,0.008540293052855235,0.016286681914225977,-0.007746388861370742,0.007746388861370742
2026-06-01,6,conditional forecast inputs,target_month_cos,-1.0,-1.8369701987210297e-16,0.008540293052855235,0.007769464501319146,0.0007708285515360888,0.0007708285515360888
2026-06-01,6,conditional forecast inputs,trend_months,316.0,167.0,0.008540293052855235,0.003552598763544873,0.004987694289310362,0.004987694289310362
2026-07-01,7,conditional forecast inputs,food_cpi_yoy_current,3.19385787676143,5.481632271849612,0.03799609126846582,0.04196480872680857,-0.003968717458342749,0.003968717458342749
2026-07-01,7,conditional forecast inputs,food_cpi_yoy_lag1,3.494369820059995,5.481632271849612,0.03799609126846582,0.035116784262706015,0.002879307005759807,0.002879307005759807
2026-07-01,7,conditional forecast inputs,food_cpi_mom_current,0.7265611833560781,0.5336184120685372,0.03799609126846582,0.033515731578212554,0.0044803596902532675,0.0044803596902532675
2026-07-01,7,conditional forecast inputs,mandi_yoy_current,118.62993512249768,5.301875899761543,0.03799609126846582,0.01755372635816788,0.020442364910297942,0.020442364910297942
2026-07-01,7,conditional forecast inputs,world_wheat_yoy_current,2.70032633874977,2.080076195077396,0.03799609126846582,0.03799609126846582,0.0,0.0
2026-07-01,7,conditional forecast inputs,world_crude_yoy_current,-11.955264172777092,5.412956319907392,0.03799609126846582,0.037431194396926305,0.0005648968715395164,0.0005648968715395164
2026-07-01,7,conditional forecast inputs,rainfall_anomaly_current,0.0,-1.0863060243871085,0.03799609126846582,0.03799609126846582,0.0,0.0
2026-07-01,7,conditional forecast inputs,temperature_anomaly_current,0.0,0.01040977391783926,0.03799609126846582,0.03799609126846582,0.0,0.0
2026-07-01,7,conditional forecast inputs,target_month_sin,-0.4999999999999997,-2.4492935982947064e-16,0.03799609126846582,0.03667278618840091,0.0013233050800649099,0.0013233050800649099
2026-07-01,7,conditional forecast inputs,target_month_cos,-0.8660254037844388,-1.8369701987210297e-16,0.03799609126846582,0.08462384014994402,-0.0466277488814782,0.0466277488814782
2026-07-01,7,conditional forecast inputs,trend_months,317.0,167.0,0.03799609126846582,0.014158831955919507,0.023837259312546315,0.023837259312546315
2026-08-01,8,conditional forecast inputs,food_cpi_yoy_current,2.4419911993915244,5.481632271849612,0.04123813257200249,0.045529456690578535,-0.004291324118576044,0.004291324118576044
2026-08-01,8,conditional forecast inputs,food_cpi_yoy_lag1,3.19385787676143,5.481632271849612,0.04123813257200249,0.03812288272411906,0.0031152498478834306,0.0031152498478834306
2026-08-01,8,conditional forecast inputs,food_cpi_mom_current,1.0253150453522153,0.5336184120685372,0.04123813257200249,0.02968226866855783,0.011555863903444662,0.011555863903444662
2026-08-01,8,conditional forecast inputs,mandi_yoy_current,107.478889961664,5.301875899761543,0.04123813257200249,0.019086115529646796,0.022152017042355695,0.022152017042355695
2026-08-01,8,conditional forecast inputs,world_wheat_yoy_current,5.974107547894048,2.080076195077396,0.04123813257200249,0.04123813257200249,0.0,0.0
2026-08-01,8,conditional forecast inputs,world_crude_yoy_current,-12.01083002923876,5.412956319907392,0.04123813257200249,0.039636065153759954,0.0016020674182425365,0.0016020674182425365
2026-08-01,8,conditional forecast inputs,rainfall_anomaly_current,0.0,-1.0863060243871085,0.04123813257200249,0.04123813257200249,0.0,0.0
2026-08-01,8,conditional forecast inputs,temperature_anomaly_current,0.0,0.01040977391783926,0.04123813257200249,0.04123813257200249,0.0,0.0
2026-08-01,8,conditional forecast inputs,target_month_sin,-0.8660254037844384,-2.4492935982947064e-16,0.04123813257200249,0.04346164864802937,-0.002223516076026881,0.002223516076026881
2026-08-01,8,conditional forecast inputs,target_month_cos,-0.5000000000000004,-1.8369701987210297e-16,0.04123813257200249,0.09890038450516708,-0.05766225193316459,0.05766225193316459
2026-08-01,8,conditional forecast inputs,trend_months,318.0,167.0,0.04123813257200249,0.012882717301323204,0.028355415270679286,0.028355415270679286
2026-09-01,9,conditional forecast inputs,food_cpi_yoy_current,2.1282807834275053,5.481632271849612,0.01426897222360953,0.01426897222360953,0.0,0.0
2026-09-01,9,conditional forecast inputs,food_cpi_yoy_lag1,2.4419911993915244,5.481632271849612,0.01426897222360953,0.01426897222360953,0.0,0.0
2026-09-01,9,conditional forecast inputs,food_cpi_mom_current,0.2871833183286876,0.5336184120685372,0.01426897222360953,0.03993307469657405,-0.025664102472964516,0.025664102472964516
2026-09-01,9,conditional forecast inputs,mandi_yoy_current,100.76860413878175,5.301875899761543,0.01426897222360953,0.006981527848874125,0.007287444374735405,0.007287444374735405
2026-09-01,9,conditional forecast inputs,world_wheat_yoy_current,11.392730073726298,2.080076195077396,0.01426897222360953,0.018902844740894,-0.004633872517284471,0.004633872517284471
2026-09-01,9,conditional forecast inputs,world_crude_yoy_current,-8.749806398110005,5.412956319907392,0.01426897222360953,0.01795328350665749,-0.003684311283047961,0.003684311283047961
2026-09-01,9,conditional forecast inputs,rainfall_anomaly_current,0.0,-1.0863060243871085,0.01426897222360953,0.01426897222360953,0.0,0.0
2026-09-01,9,conditional forecast inputs,temperature_anomaly_current,0.0,0.01040977391783926,0.01426897222360953,0.01426897222360953,0.0,0.0
2026-09-01,9,conditional forecast inputs,target_month_sin,-1.0,-2.4492935982947064e-16,0.01426897222360953,0.014302797568949015,-3.3825345339485655e-05,3.3825345339485655e-05
2026-09-01,9,conditional forecast inputs,target_month_cos,-1.8369701987210294e-16,-1.8369701987210297e-16,0.01426897222360953,0.01426897222360953,0.0,0.0
2026-09-01,9,conditional forecast inputs,trend_months,319.0,167.0,0.01426897222360953,0.006601067466621743,0.007667904756987786,0.007667904756987786
2026-10-01,10,conditional forecast inputs,food_cpi_yoy_current,2.625221366151753,5.481632271849612,0.016560447067190807,0.016560447067190807,0.0,0.0
2026-10-01,10,conditional forecast inputs,food_cpi_yoy_lag1,2.1282807834275053,5.481632271849612,0.016560447067190807,0.016560447067190807,0.0,0.0
2026-10-01,10,conditional forecast inputs,food_cpi_mom_current,0.0901879315788667,0.5336184120685372,0.016560447067190807,0.05165439654561743,-0.035093949478426624,0.035093949478426624
2026-10-01,10,conditional forecast inputs,mandi_yoy_current,118.95684229848176,5.301875899761543,0.016560447067190807,0.007422921879543416,0.009137525187647391,0.009137525187647391
2026-10-01,10,conditional forecast inputs,world_wheat_yoy_current,7.834886817576581,2.080076195077396,0.016560447067190807,0.019248039523101126,-0.002687592455910319,0.002687592455910319
2026-10-01,10,conditional forecast inputs,world_crude_yoy_current,-8.39189250191852,5.412956319907392,0.016560447067190807,0.020823927995785793,-0.004263480928594986,0.004263480928594986
2026-10-01,10,conditional forecast inputs,rainfall_anomaly_current,0.0,-1.0863060243871085,0.016560447067190807,0.016560447067190807,0.0,0.0
2026-10-01,10,conditional forecast inputs,temperature_anomaly_current,0.0,0.01040977391783926,0.016560447067190807,0.016560447067190807,0.0,0.0
2026-10-01,10,conditional forecast inputs,target_month_sin,-0.8660254037844386,-2.4492935982947064e-16,0.016560447067190807,0.016599612998187612,-3.916593099680468e-05,3.916593099680468e-05
2026-10-01,10,conditional forecast inputs,target_month_cos,0.5000000000000001,-1.8369701987210297e-16,0.016560447067190807,0.016262652396865595,0.00029779467032521253,0.00029779467032521253
2026-10-01,10,conditional forecast inputs,trend_months,320.0,167.0,0.016560447067190807,0.006053343635144014,0.010507103432046794,0.010507103432046794
2026-11-01,11,conditional forecast inputs,food_cpi_yoy_current,3.3233792593209355,5.481632271849612,0.018084936955688326,0.018084936955688326,0.0,0.0
2026-11-01,11,conditional forecast inputs,food_cpi_yoy_lag1,2.625221366151753,5.481632271849612,0.018084936955688326,0.018084936955688326,0.0,0.0
2026-11-01,11,conditional forecast inputs,food_cpi_mom_current,0.4809313151706185,0.5336184120685372,0.018084936955688326,0.059328496119050354,-0.04124355916336203,0.04124355916336203
2026-11-01,11,conditional forecast inputs,mandi_yoy_current,120.13338111739009,5.301875899761543,0.018084936955688326,0.008600117016979153,0.009484819938709173,0.009484819938709173
2026-11-01,11,conditional forecast inputs,world_wheat_yoy_current,6.614007372301223,2.080076195077396,0.018084936955688326,0.018084936955688326,0.0,0.0
2026-11-01,11,conditional forecast inputs,world_crude_yoy_current,-3.426906583610667,5.412956319907392,0.018084936955688326,0.022405914137876355,-0.004320977182188029,0.004320977182188029
2026-11-01,11,conditional forecast inputs,rainfall_anomaly_current,0.0,-1.0863060243871085,0.018084936955688326,0.018084936955688326,0.0,0.0
2026-11-01,11,conditional forecast inputs,temperature_anomaly_current,0.0,0.01040977391783926,0.018084936955688326,0.018084936955688326,0.0,0.0
2026-11-01,11,conditional forecast inputs,target_month_sin,-0.5000000000000004,-2.4492935982947064e-16,0.018084936955688326,0.019165492172687294,-0.0010805552169989678,0.0010805552169989678
2026-11-01,11,conditional forecast inputs,target_month_cos,0.8660254037844384,-1.8369701987210297e-16,0.018084936955688326,0.01814024303337272,-5.530607768439513e-05,5.530607768439513e-05
2026-11-01,11,conditional forecast inputs,trend_months,321.0,167.0,0.018084936955688326,0.007331831838400645,0.010753105117287682,0.010753105117287682
2026-12-01,12,conditional forecast inputs,food_cpi_yoy_current,3.040821868747523,5.481632271849612,0.017766900264841953,0.017766900264841953,0.0,0.0
2026-12-01,12,conditional forecast inputs,food_cpi_yoy_lag1,3.3233792593209355,5.481632271849612,0.017766900264841953,0.012246804157163088,0.0055200961076788645,0.0055200961076788645
2026-12-01,12,conditional forecast inputs,food_cpi_mom_current,0.221206722191769,0.5336184120685372,0.017766900264841953,0.051070337229983165,-0.03330343696514121,0.03330343696514121
2026-12-01,12,conditional forecast inputs,mandi_yoy_current,99.31013650755467,5.301875899761543,0.017766900264841953,0.008335082764636055,0.009431817500205898,0.009431817500205898
2026-12-01,12,conditional forecast inputs,world_wheat_yoy_current,-0.8974024278814774,2.080076195077396,0.017766900264841953,0.02513266860268137,-0.007365768337839418,0.007365768337839418
2026-12-01,12,conditional forecast inputs,world_crude_yoy_current,-2.3362511964612587,5.412956319907392,0.017766900264841953,0.017766900264841953,0.0,0.0
2026-12-01,12,conditional forecast inputs,rainfall_anomaly_current,0.0,-1.0863060243871085,0.017766900264841953,0.017766900264841953,0.0,0.0
2026-12-01,12,conditional forecast inputs,temperature_anomaly_current,0.0,0.01040977391783926,0.017766900264841953,0.017766900264841953,0.0,0.0
2026-12-01,12,conditional forecast inputs,target_month_sin,-2.4492935982947064e-16,-2.4492935982947064e-16,0.017766900264841953,0.017766900264841953,0.0,0.0
2026-12-01,12,conditional forecast inputs,target_month_cos,1.0,-1.8369701987210297e-16,0.017766900264841953,0.016825593995371712,0.0009413062694702407,0.0009413062694702407
2026-12-01,12,conditional forecast inputs,trend_months,322.0,167.0,0.017766900264841953,0.009813403410836906,0.007953496854005046,0.007953496854005046
