date,food_cpi_2015_100,mandi_price_index_2015_100,food_cpi_yoy_pct_exact,mandi_index_yoy_pct,mandi_source_rows,commodities_observed
2000-01-01,37.928656,,,,,
2000-02-01,37.84741,,,,,
2000-03-01,38.172329,,,,,
2000-04-01,38.497028,,,,,
2000-05-01,38.659287,,,,,
2000-06-01,38.82149,,,,,
2000-07-01,39.064703,,,,,
2000-08-01,38.902575,,,,,
2000-09-01,38.983646,,,,,
2000-10-01,39.388772,,,,,
2000-11-01,39.469759,,,,,
2000-12-01,39.145736,,,,,
2001-01-01,39.064703,38.4581472263231,2.9952208166827976,,5.0,3.0
2001-02-01,38.902575,39.80134925984972,2.7879450667826378,,2.0,2.0
2001-03-01,39.064703,23.49112141761925,2.3377509923484308,,55.0,5.0
2001-04-01,39.30778,32.874515913093454,2.106011923829554,,106.0,6.0
2001-05-01,39.550723,38.5495401038801,2.3058780158051078,,98.0,5.0
2001-06-01,40.036267,42.77330852816401,3.129135435038699,,244.0,7.0
2001-07-01,40.521302,48.18114997980233,3.728683154201873,,406.0,7.0
2001-08-01,40.763643,46.19835626217554,4.783919830499661,,340.0,7.0
2001-09-01,40.682882,43.23277198743796,4.358843192860928,,369.0,7.0
2001-10-01,40.925134,49.54623249793558,3.9005074847217713,,295.0,7.0
2001-11-01,41.247966,51.89238001979747,4.50523906163196,,239.0,7.0
2001-12-01,41.005864,45.15642475696919,4.751802341894917,,497.0,8.0
2002-01-01,40.8444,35.60194443866376,4.555767389297705,-7.426782083002648,1211.0,8.0
2002-02-01,40.763643,36.0601913965472,4.783919830499661,-9.399575473880915,1437.0,8.0
2002-03-01,40.925134,34.98090999157183,4.7624347739185335,48.9111965737608,1791.0,8.0
2002-04-01,41.005864,35.14395987370172,4.319969227465914,6.903353243611954,4454.0,8.0
2002-05-01,41.247966,37.04734164343501,4.291307139947853,-3.896799952469199,4576.0,8.0
2002-06-01,41.570589,39.289183466606666,3.832330321905375,-8.14555895123995,4941.0,8.0
2002-07-01,41.973568,40.567799426711446,3.5839569024707085,-15.80151274156474,6974.0,8.0
2002-08-01,42.215203,43.06851839288856,3.560918242758637,-6.774781880820957,7838.0,8.0
2002-09-01,42.295725,40.64561810093969,3.964426610681127,-5.984242433610332,8835.0,8.0
2002-10-01,42.456723,41.84542571907673,3.742416579503427,-15.542668716899344,9271.0,8.0
2002-11-01,42.617669,42.73717391117664,3.3206558597337787,-17.642679146973073,10517.0,8.0
2002-12-01,42.215203,35.07678296182358,2.94918551161365,-22.321611707290824,10166.0,8.0
2003-01-01,42.134677,32.21825158638522,3.1590058857517977,-9.504236090554208,14239.0,8.0
2003-02-01,42.215203,32.383428324934066,3.560918242758637,-10.196182907573782,14211.0,8.0
2003-03-01,42.456723,32.76214531729648,3.742416579503427,-6.3427871796643664,14407.0,8.0
2003-04-01,42.93942,35.30254730884884,4.715315838729794,0.4512508997763564,15567.0,8.0
2003-05-01,43.019829,36.21658932717778,4.295637268514052,-2.2424073615129103,18100.0,8.0
2003-06-01,43.260971,37.10481487344131,4.066293118916353,-5.55972000543592,18479.0,8.0
2003-07-01,43.582314,39.61480408799507,3.832759702487043,-2.349142305433716,20086.0,8.0
2003-08-01,43.421667,35.53314639883784,2.8578898459874718,-17.496241512907385,17883.0,8.0
2003-09-01,43.421667,36.85414643284334,2.662070457475308,-9.328119106666245,18856.0,8.0
2003-10-01,43.742921,39.008659848663655,3.029433053511932,-6.779154045312607,16755.0,8.0
2003-11-01,43.823197,38.57141426180819,2.8287046858428644,-9.747391481772782,17105.0,8.0
2003-12-01,43.662624,38.619373782161375,3.428672367156449,10.099531716444554,17881.0,8.0
2004-01-01,43.823197,39.063349269555104,4.007435490724176,21.24602467895087,23485.0,8.0
2004-02-01,43.823197,36.47021904664813,3.809040074970138,12.620006383225912,17197.0,8.0
2004-03-01,43.823197,35.47951870250867,3.218510293411025,8.294247397094523,18805.0,8.0
2004-04-01,43.823197,34.95132540081742,2.0581950105520885,-0.9948911192121934,16286.0,8.0
2004-05-01,44.144205,37.23853960567357,2.6136226622379244,2.8217739369756023,15533.0,8.0
2004-06-01,44.46502,39.58300775513533,2.783222318334011,6.678898385955412,19154.0,8.0
2004-07-01,44.865761,41.28205080117871,2.9448803475648377,4.208645610060913,18695.0,8.0
2004-08-01,45.266205,44.53902214647505,4.247966804222414,25.344999417028124,19709.0,8.0
2004-09-01,45.346262,41.94853073953812,4.432337892508831,13.823096719870875,19260.0,8.0
2004-10-01,45.586354,41.20990978843051,4.214243031461007,5.64297760627186,20345.0,8.0
2004-11-01,45.506332,40.72063831066119,3.840739871169152,5.572064416059197,17715.0,8.0
2004-12-01,45.186146,35.726165512706174,3.4893047197529947,-7.491598092125463,21972.0,8.0
2005-01-01,45.586354,33.871859530695666,4.023341793160373,-13.28992479123018,21812.0,8.0
2005-02-01,45.506332,33.568399139354,3.840739871169152,-7.956683516439778,21417.0,8.0
2005-03-01,45.506332,33.7115404249028,3.840739871169152,-4.983095437201801,23760.0,8.0
2005-04-01,45.82634,36.61160007421007,4.570965007413763,4.750248107483279,24196.0,8.0
2005-05-01,45.666354,37.2496373829557,3.448128695487896,0.0298018595778382,26568.0,8.0
2005-06-01,45.82634,37.53846544167598,3.0615526541987403,-5.16520201321512,26933.0,8.0
2005-07-01,46.545675,41.23992059445718,3.7443118372604944,-0.1020545392098615,27284.0,8.0
2005-08-01,46.705398,42.97782985622769,3.179398405499212,-3.505223543330338,29429.0,8.0
2005-09-01,46.865075,43.94255375281972,3.3493675840359005,4.753499057363064,30706.0,8.0
2005-10-01,47.343847,45.2001378342258,3.85530503272975,9.68269056224804,31055.0,8.0
2005-11-01,47.742513,49.55656940797349,4.913999660530766,21.698901254696047,29106.0,8.0
2005-12-01,47.503345,44.49193068822389,5.128118251111746,24.53598098122265,37752.0,8.0
2006-01-01,47.423606,40.49715044717165,4.030267478728389,19.559867714000024,35815.0,8.0
2006-02-01,47.423606,38.41147430275507,4.21320268133234,14.427483250827034,34763.0,8.0
2006-03-01,47.423606,39.41568342643964,4.21320268133234,16.920446024243873,37781.0,8.0
2006-04-01,47.791411,39.82439393502882,4.288081919699449,8.775344028413311,38182.0,8.0
2006-05-01,48.15898,42.44546130981748,5.45834248120618,13.948656394811598,52337.0,8.0
2006-06-01,48.893422,46.49941297906404,6.692836477885855,23.871374154361224,53112.0,8.0
2006-07-01,49.260298,46.2546841593614,5.832170228490607,12.15997386177854,51854.0,8.0
2006-08-01,49.260298,47.19732487223971,5.4702456448395775,9.81784103601171,47724.0,8.0
2006-09-01,49.626947,50.288946431523456,5.893241395644844,14.442475770531438,49921.0,8.0
2006-10-01,50.359582,51.355184621188286,6.369856256083306,13.617318623090236,39752.0,8.0
2006-11-01,50.359582,51.27806581480428,5.481632271849612,3.473800602819388,45535.0,8.0
2006-12-01,50.359582,48.27352834727283,6.012707105152271,8.499513508524492,48607.0,8.0
2007-01-01,50.359582,47.01310148885361,6.190958992026041,16.089900078727727,54036.0,8.0
2007-02-01,50.725561,46.23811017337628,6.962682255752539,20.37577576151468,51322.0,8.0
2007-03-01,50.359582,45.84164710619678,6.190958992026041,16.303062946377022,57603.0,8.0
2007-04-01,50.725561,45.8430441962964,6.139492303334593,15.112973900084082,60261.0,8.0
2007-05-01,51.091321,45.99906218988809,6.088876882359218,8.372157517931544,57450.0,8.0
2007-06-01,51.456864,49.09211560919023,5.242917953257598,5.575774970091629,59891.0,8.0
2007-07-01,52.187303,54.19879347809073,5.941914927108249,17.174713141180398,60209.0,8.0
2007-08-01,52.552204,54.93667911674289,6.682675772688196,16.397866331308265,60066.0,8.0
2007-09-01,52.552204,54.87956701905897,5.894493167189996,9.128488292723302,53055.0,8.0
2007-10-01,52.916893,56.34103420330968,5.078102117686356,9.708561304761254,54015.0,8.0
2007-11-01,52.916893,54.36173619477445,5.078102117686356,6.0136245994674375,46537.0,8.0
2007-12-01,52.916893,48.80977714628447,5.078102117686356,1.1108547839178806,59423.0,8.0
2008-01-01,52.916893,46.646807068988046,5.078102117686356,-0.7791326423176037,59263.0,8.0
2008-02-01,53.281384,48.88117374785533,5.038530771498029,5.716201558775902,62734.0,8.0
2008-03-01,54.009726,50.22053565291374,7.248161829460775,9.552205959294668,57644.0,8.0
2008-04-01,54.37359,49.73109133723418,7.191697692609056,8.481215000228758,59917.0,8.0
2008-05-01,54.737252,47.85557733483059,7.136106345733362,4.035984771338685,62107.0,8.0
2008-06-01,55.100713,49.43845666439604,7.081366248825405,0.7054922178602929,55320.0,8.0
2008-07-01,56.189916,53.10335232130913,7.669706556784495,-2.0211541373599373,61581.0,8.0
2008-08-01,56.915069,54.585360032642775,8.301963890991138,-0.6394982182187259,50380.0,8.0
2008-09-01,57.277357,55.2120448746609,8.991350771891504,0.6058317761262089,49268.0,8.0
2008-10-01,58.001363,57.44689295614426,9.60840614735259,1.962794557238756,50845.0,8.0
2008-11-01,58.001363,56.73348824963857,9.60840614735259,4.362907112396641,53841.0,8.0
2008-12-01,57.639455,51.39761095753064,8.92448844266045,5.301875899761543,57824.0,8.0
2009-01-01,58.001363,52.96693681774863,9.60840614735259,13.548901084298135,58607.0,8.0
2009-02-01,58.001363,52.60991161500612,8.858589333940724,7.628167618037995,57547.0,8.0
2009-03-01,58.001363,53.72697514519496,7.39058924313003,6.982083019812979,49125.0,8.0
2009-04-01,58.724618,57.10119527066265,8.002098077393827,14.819911920795503,46858.0,8.0
2009-05-01,59.085968,60.30589086012863,7.944710121728438,26.0164315607083,44503.0,8.0
2009-06-01,59.808126,64.61240638311214,8.543288722960817,30.69260398179841,42624.0,8.0
2009-07-01,62.33001,70.64510965093642,10.927394872773988,33.033239075922125,45294.0,8.0
2009-08-01,63.048986,71.64670019334356,10.77731628507732,31.25625653196733,42344.0,8.0
2009-09-01,63.408214,70.24656148006144,10.703805694107004,27.230501314579094,44272.0,8.0
2009-10-01,64.126163,76.584555467018,10.559751845831643,33.313659844900045,48932.0,8.0
2009-11-01,65.201837,82.24154881875647,12.41431860834028,44.96120608145473,50052.0,8.0
2009-12-01,65.560066,75.90212415994293,13.74164797359727,47.67636616935393,51438.0,8.0
2010-01-01,66.633791,66.92189663737778,14.883146797774405,26.346548730288298,55245.0,8.0
2010-02-01,65.918132,59.79393850596946,13.64928096603524,13.655272686134312,54222.0,8.0
2010-03-01,65.918132,55.32687002710543,13.64928096603524,2.977824226260317,58734.0,8.0
2010-04-01,65.918132,54.4102376116354,12.249571380779356,-4.712611787322429,62746.0,8.0
2010-05-01,66.633791,56.13692997348058,12.774307090983084,-6.913024295283843,58920.0,8.0
2010-06-01,67.348801,59.48998738744724,12.608111145298206,-7.927918618743412,58158.0,8.0
2010-07-01,68.776937,66.717887310106,10.34321509013074,-5.5590859158336166,57544.0,8.0
2010-08-01,68.776937,64.36693771473504,9.084921682959358,-10.160638883526495,57062.0,8.0
2010-09-01,69.133584,66.59090906211432,9.029382218524562,-5.2040304050821495,54545.0,8.0
2010-10-01,69.84643,67.29607647323957,8.920332563793032,-12.128397086248842,56671.0,8.0
2010-11-01,70.202621,67.83841145967072,7.669698017864124,-17.513212683806955,51069.0,8.0
2010-12-01,71.270297,72.91302776768438,8.709922592207263,-3.938093202714388,56180.0,8.0
2011-01-01,72.336552,77.26971894815877,8.558361927809255,15.46253592729383,53981.0,8.0
2011-02-01,69.985418,62.71643224706513,6.170208221313067,4.887608701012236,52178.0,8.0
2011-03-01,69.43682,59.01178832850107,5.337966797966898,6.6602688704247015,54428.0,8.0
2011-04-01,69.671934,56.67910634342545,5.694642560562846,4.169929835602959,54750.0,8.0
2011-05-01,70.142161,56.39324780679495,5.265151430450654,0.4565939630746696,55925.0,8.0
2011-06-01,70.925872,58.30557898010629,5.311261591724548,-1.9909373986367165,56340.0,8.0
2011-07-01,71.944697,63.6481391549809,4.605846288269566,-4.601087173004814,57006.0,8.0
2011-08-01,72.806779,63.859357341171005,5.859292628864821,-0.7885731271131236,53785.0,8.0
2011-09-01,73.825604,65.51128247828078,6.786889567304932,-1.6212822426353912,54080.0,8.0
2011-10-01,74.687686,68.20828877098252,6.93128625185282,1.355520775577013,50030.0,8.0
2011-11-01,74.530944,66.90896702614734,6.165472084012369,-1.3700857869821004,57153.0,8.0
2011-12-01,73.355377,59.9555321161872,2.9255946555126755,-17.77116661892355,57482.0,8.0
2012-01-01,73.433748,59.66180106883593,1.516793335684552,-22.787604405726142,56801.0,8.0
2012-02-01,73.825604,60.08853490700312,5.487123046117981,-4.190125690998602,54827.0,8.0
2012-03-01,74.766057,66.38764702735874,7.6749439274437,12.4989581027412,60187.0,8.0
2012-04-01,76.33348,73.57371196019315,9.561304843353424,29.807466466392874,60055.0,8.0
2012-05-01,77.117191,77.06939391313882,9.944133315196837,36.664222953040415,66651.0,8.0
2012-06-01,78.4495,78.98843875773966,10.607734227081478,35.473208806811286,62686.0,8.0
2012-07-01,80.173665,91.19618992073563,11.43790764731416,43.28178503172926,64672.0,8.0
2012-08-01,81.270861,93.92871333313744,11.625403727858895,47.08684403339636,60827.0,8.0
2012-09-01,81.662717,88.34300034749238,10.61571131879937,34.85158129331553,60954.0,8.0
2012-10-01,81.976201,83.42232583182899,9.758656868817717,22.305261332577064,63244.0,8.0
2012-11-01,82.368057,86.5239854982268,10.515247197190993,29.31597862572608,59614.0,8.0
2012-12-01,82.289686,82.56922983478034,12.179487537771095,37.71744978390033,63215.0,8.0
2013-01-01,82.759912,79.48563996172669,12.700106223639862,33.22702053533153,74889.0,8.0
2013-02-01,83.543624,79.51520655532288,13.16348187276597,32.330080402835115,70699.0,8.0
2013-03-01,83.778737,78.62380771645218,12.054507568855756,18.43138179615078,74124.0,8.0
2013-04-01,84.405706,81.57166283308194,10.574948240274118,10.870663800701074,78223.0,8.0
2013-05-01,85.581273,85.03877541361925,10.975609835166322,10.340527018367784,81242.0,8.0
2013-06-01,87.932407,89.79490779846665,12.08791260619888,13.681076890088706,76828.0,8.0
2013-07-01,89.891685,100.24875791133093,12.12121212121211,9.926476093423918,78786.0,8.0
2013-08-01,91.380737,103.0342103603635,12.439730397343762,9.694050630643217,66926.0,8.0
2013-09-01,92.713046,104.9258762095995,13.5316695377647,18.77101275356199,70107.0,8.0
2013-10-01,94.202097,108.86218413498294,14.91395777171962,30.49526376720561,67494.0,8.0
2013-11-01,96.083004,124.75359097560066,16.650807970376192,44.18382400815011,61162.0,8.0
2013-12-01,92.791417,100.3725206781696,12.761904329055284,21.56165302621005,62569.0,8.0
2014-01-01,90.753768,86.0186103181212,9.659091952635237,8.219057378842543,65482.0,8.0
2014-02-01,90.361912,80.17289854228369,8.161350529874078,0.8271273074078156,58685.0,8.0
2014-03-01,90.988881,83.10388662720108,8.60617414177538,5.6981199980873365,64599.0,8.0
2014-04-01,92.164448,86.8500315223626,9.192200821115094,6.470836202127761,64528.0,8.0
2014-05-01,93.183273,90.35773002218258,8.882784438132862,6.254740361314615,69126.0,8.0
2014-06-01,94.35884,91.0772177158556,7.30837835475151,1.4280430247413545,64528.0,8.0
2014-07-01,97.728798,110.0787805906508,8.71839592282646,9.805630397949106,67448.0,8.0
2014-08-01,99.21785,120.65598750440653,8.576329385480875,17.102840971373112,62868.0,8.0
2014-09-01,98.590881,114.18843283795674,6.33981435579194,8.827714347464099,63392.0,8.0
2014-10-01,98.277396,108.65341452490622,4.326123440755247,-0.1917742251228871,60215.0,8.0
2014-11-01,98.042283,106.30811719130578,2.0391525227500207,-14.785525322395287,66684.0,8.0
2014-12-01,96.866716,95.6325353635615,4.391892194080849,-4.722393422604365,74354.0,8.0
2015-01-01,96.47486,89.9259545094057,6.303971863735747,4.542440498438682,79678.0,8.0
2015-02-01,96.47486,86.73548430014743,6.7649608830764985,8.185541345249714,74286.0,8.0
2015-03-01,96.709973,85.63073681504284,6.287682557608321,3.040592071435899,78128.0,8.0
2015-04-01,97.1802,85.42019743295384,5.442176575505564,-1.6463253545746848,77763.0,8.0
2015-05-01,97.963911,92.12619013555008,5.130360681793178,1.957176340013577,81251.0,8.0
2015-06-01,99.766447,95.25328504128242,5.730896013558451,4.585194223274813,84310.0,8.0
2015-07-01,100.471788,99.77175814464752,2.8067366591370657,-9.363314519563891,80776.0,8.0
2015-08-01,102.117581,106.38036232968292,2.922590037982076,-11.831675717048206,76706.0,8.0
2015-09-01,102.822922,114.00584975640976,4.292527825164694,-0.1598963021115063,77428.0,8.0
2015-10-01,103.528262,116.635608571073,5.342903061859716,7.346473261856912,79575.0,8.0
2015-11-01,103.998488,120.12477506103266,6.075139029555232,12.99680422790599,72212.0,8.0
2015-12-01,102.979664,107.98979790277178,6.310679511422679,12.92160925383008,83695.0,8.0
2016-01-01,102.901293,101.62930651397896,6.6612514389759125,13.014431782705383,77615.0,8.0
2016-02-01,101.804097,94.34258803340713,5.523964481523991,8.770463201583523,77887.0,8.0
2016-03-01,101.725726,94.0176737977464,5.186386516724584,9.794306687818,76220.0,8.0
2016-04-01,103.293148,99.80286493362068,6.29032251425703,16.837548885268916,77029.0,8.0
2016-05-01,105.017313,108.54517375402848,7.200000416479901,17.82227572237631,88139.0,8.0
2016-06-01,107.211705,122.02052795517682,7.46268733014015,28.101123129027595,85723.0,8.0
2016-07-01,108.465643,127.26147432841334,7.956318046216104,27.55260275549285,75147.0,8.0
2016-08-01,108.073787,116.8605496821502,5.832693980481185,9.85161840301707,72702.0,8.0
2016-09-01,107.054962,111.52585498353216,4.115852688955868,-2.175322387558598,67711.0,8.0
2016-10-01,107.368447,113.11769559221712,3.7093107966982064,-3.016156919790236,70535.0,8.0
2016-11-01,106.663107,111.33956882694063,2.5621709038692986,-7.313400778172918,71160.0,8.0
2016-12-01,105.017313,100.19869688616828,1.978690666537819,-7.214663947809397,79009.0,8.0
2017-01-01,104.311973,91.59676844949392,1.3709060001801945,-9.871697848400752,68926.0,8.0
2017-02-01,104.233602,85.90279896800851,2.3864511071691075,-8.945895211619625,65836.0,8.0
2017-03-01,104.311973,84.49713788777268,2.5423726147700387,-10.126325748555098,76007.0,8.0
2017-04-01,104.625457,86.22939578139561,1.289832893852738,-13.60028007337548,73439.0,8.0
2017-05-01,104.7822,85.23685193668743,-0.2238802282057972,-21.4733838559782,75101.0,8.0
2017-06-01,105.957767,88.2314213784348,-1.1695905778198346,-27.69132960083089,69768.0,8.0
2017-07-01,108.93587,107.02987277840629,0.4335262180670263,-15.897663968434784,77742.0,8.0
2017-08-01,110.189808,111.6227802321048,1.9579410130228905,-4.482068126747352,79212.0,8.0
2017-09-01,108.93587,98.21641794965272,1.7569554599440096,-11.933947545925294,76491.0,8.0
2017-10-01,109.797952,99.09485922011206,2.2627737178688934,-12.396677901445774,73800.0,8.0
2017-11-01,111.365375,108.31694709296212,4.408523370690864,-2.7147776534654056,77660.0,8.0
2017-12-01,110.111437,100.81282129132012,4.850746847807841,0.6129065788645249,76238.0,8.0
2018-01-01,109.092612,94.08008419803971,4.583020397859805,2.7111390397086987,113785.0,8.0
2018-02-01,107.838674,88.40013140444964,3.458646665592524,2.907160728687286,106365.0,8.0
2018-03-01,107.525189,85.06105782449376,3.0803903977542517,0.6673834769055365,110407.0,8.0
2018-04-01,107.760303,85.10430241937573,2.996255490668953,-1.304767767214976,107740.0,8.0
2018-05-01,108.230529,88.26990243810546,3.290949226109019,3.558379307193249,121888.0,8.0
2018-06-01,109.249354,92.13167747209825,3.10650846388636,4.420484259156132,104505.0,8.0
2018-07-01,110.816777,101.9772982511459,1.7266186059743394,-4.720714316573272,107620.0,8.0
2018-08-01,111.05189,100.7243109801723,0.7823609239794749,-9.763660454676517,105709.0,8.0
2018-09-01,110.033065,104.8642228934938,1.0071934983398867,6.76852717969092,101421.0,8.0
2018-10-01,109.64121,96.76913599235174,-0.142754939545675,-2.3469665793604544,106762.0,8.0
2018-11-01,109.484467,98.27964207435303,-1.6889522439088478,-9.2666062772196,94504.0,8.0
2018-12-01,108.308901,89.69030263938245,-1.6370106949017416,-11.032841368258897,108339.0,8.0
2019-01-01,107.681932,89.26247104897162,-1.293103147993191,-5.120757692910816,86752.0,8.0
2019-02-01,107.760303,87.74876940506454,-0.0726742986472572,-0.7368337456479357,79258.0,8.0
2019-03-01,108.230529,88.66218101997543,0.6559765265792716,4.233574431806231,85012.0,8.0
2019-04-01,109.249354,91.28518602822372,1.3818177552822997,7.262715788903296,87085.0,8.0
2019-05-01,110.424921,98.86667723964374,2.027516653826944,12.004969427680855,90251.0,8.0
2019-06-01,111.835601,101.0436231782646,2.367288139754131,9.6730526901188,83213.0,8.0
2019-07-01,113.403024,103.81878809496796,2.333804564628328,1.8057841062693256,85790.0,8.0
2019-08-01,114.343477,107.40088958386164,2.9640080866701,6.628567163893151,78631.0,8.0
2019-09-01,115.20556,108.79969672544246,4.700855147495897,3.752923278653153,76694.0,8.0
2019-10-01,117.243209,118.32625616740422,6.933523444332645,22.27685506746313,74938.0,8.0
2019-11-01,119.045745,124.61104333949682,8.732999540473617,26.79232515440264,78339.0,8.0
2019-12-01,121.47525,132.70142282562878,12.156294522829649,47.955151137332,69596.0,8.0
2020-01-01,120.299683,125.50003804832544,11.717612013127688,40.59664333006532,84233.0,8.0
2020-02-01,117.948549,107.01730669458864,9.454544685161114,21.95875500040001,76641.0,8.0
2020-03-01,116.694611,103.43353979820483,7.820420059112876,16.660270036557566,64596.0,8.0
2020-04-01,120.691539,109.65844356729605,10.473457811018273,20.127315656005383,57131.0,8.0
2020-05-01,119.672714,103.62875345488956,8.374733634629461,4.816664571120355,76077.0,8.0
2020-06-01,120.691539,107.06268190363238,7.918710965750519,5.956891227810335,79990.0,8.0
2020-07-01,123.042673,122.46388261922311,8.500345634522045,17.959268130927896,73278.0,8.0
2020-08-01,123.826384,125.42566642370176,8.293351967948293,16.782707210042137,63918.0,8.0
2020-09-01,126.491003,139.39810925696406,9.795918703923668,28.123619322889404,68841.0,8.0
2020-10-01,129.07725,149.08406781339298,10.093583330698497,25.994071512305418,67110.0,8.0
2020-11-01,129.625848,155.17832876453886,8.887426425866796,24.530157685754173,66413.0,8.0
2020-12-01,126.177518,127.15241246005311,3.870967954377536,-4.181575636055634,77052.0,8.0
2021-01-01,123.5129,108.91280523683064,2.6710103633440063,-13.216914567872616,65730.0,8.0
2021-02-01,122.964302,109.12617299788032,4.2524923303634665,1.970584355397853,66818.0,8.0
2021-03-01,122.807559,103.9767206940463,5.238414994159424,0.5251496728248872,72306.0,8.0
2021-04-01,123.826384,108.69063866539388,2.597402457516096,-0.8825630479683433,63420.0,8.0
2021-05-01,125.942405,112.90649791386664,5.239031346778011,8.952866988809017,53390.0,8.0
2021-06-01,127.431456,114.33438614593608,5.584415490799222,6.792006433062259,69509.0,8.0
2021-07-01,128.528652,120.8012419100204,4.458598684701842,-1.3576580079306733,68447.0,8.0
2021-08-01,128.450281,124.68078953595244,3.734177523911209,-0.5938791548717348,66373.0,8.0
2021-09-01,128.528652,117.61652787696332,1.6109042949086216,-15.625449653588165,67901.0,8.0
2021-10-01,131.428384,126.86067088238396,1.8214937179092283,-14.906620980335603,65518.0,8.0
2021-11-01,132.995806,140.77774855106756,2.5997577273322747,-9.280020172998604,63685.0,8.0
2021-12-01,131.820239,131.02393968408015,4.472049450203941,3.044792583265643,73780.0,8.0
2022-01-01,130.409559,120.8065867233912,5.583756028722497,10.920461979376572,90627.0,8.0
2022-02-01,130.252817,119.87549625835864,5.92734222977982,9.85036216809978,89492.0,8.0
2022-03-01,131.976982,120.3452813721464,7.466497237356529,15.742524450511318,98302.0,8.0
2022-04-01,133.857889,120.17149715104075,8.101266205108605,10.562877011874882,99399.0,8.0
2022-05-01,135.817167,127.0086389178571,7.840696705768013,12.49010576410634,94509.0,8.0
2022-06-01,137.071105,134.45753005154222,7.564575735523249,17.60025534218641,91953.0,8.0
2022-07-01,137.149476,129.2638283044522,6.707316902382199,7.005380292973484,91131.0,8.0
2022-08-01,138.168301,130.78459473892136,7.565588743243023,4.895545838044968,88810.0,8.0
2022-09-01,139.343868,131.0579764848317,8.414634271586374,11.428197082921244,88584.0,8.0
2022-10-01,139.030383,135.27529623377222,5.784137922596688,6.632966145346719,83140.0,8.0
2022-11-01,138.403414,131.95474397143573,4.065998893228273,-6.267328942564565,88824.0,8.0
2022-12-01,137.854816,123.81250848440214,4.577883522119852,-5.5039034981438695,93278.0,8.0
2023-01-01,138.481785,119.31534513681495,6.189903609749958,-1.2344042051206428,76063.0,8.0
2023-02-01,138.403414,113.10361134076152,6.257520710665321,-5.649098547214515,76790.0,8.0
2023-03-01,138.716899,110.59403431921692,5.106888260257403,-8.102724877741974,76992.0,8.0
2023-04-01,139.422239,110.53384029505897,4.156908525578196,-8.01991910267079,79423.0,8.0
2023-05-01,140.362692,113.81087814083756,3.346797095244969,-10.391230777266404,84100.0,8.0
2023-06-01,143.497538,124.16508613698711,4.688393662544699,-7.654791747706247,82033.0,8.0
2023-07-01,151.648135,163.89092402795012,10.571428650591418,26.787923719806205,77570.0,8.0
2023-08-01,150.864424,155.5855065914796,9.188882622215932,18.963175213462293,71835.0,8.0
2023-09-01,148.121434,134.47397486871816,6.299212248076835,2.606478808469781,67693.0,8.0
2023-10-01,149.610486,134.03710847363865,7.609921494641947,-0.915309590595037,72941.0,8.0
2023-11-01,150.942795,150.72021473952017,9.06002289799006,14.221141433267912,65716.0,8.0
2023-12-01,149.845599,137.32605875764096,8.698124119218287,10.914527488909776,70162.0,8.0
2024-01-01,148.983517,127.37798944384308,7.583475328542311,6.757424451802874,87019.0,8.0
2024-02-01,149.140259,126.89392613923832,7.757644619951343,12.192638798180354,89834.0,8.0
2024-03-01,149.453743,130.71978658771215,7.740112471804883,18.197864281182262,93392.0,8.0
2024-04-01,150.394197,136.72183051317535,7.869589585345849,23.69228296801249,90055.0,8.0
2024-05-01,151.413022,141.85294132222174,7.872697397396733,24.639176535201624,103631.0,8.0
2024-06-01,155.48832,150.6370858876727,8.356089008300604,21.32000272724004,81797.0,8.0
2024-07-01,159.328506,180.1735889223475,5.064599706419082,9.935061987703795,104614.0,8.0
2024-08-01,158.858279,178.43994455307308,5.298701170263964,14.689310374906771,94865.0,8.0
2024-09-01,160.504073,183.08030204577287,8.359788766290244,36.14552721038202,83557.0,8.0
2024-10-01,164.109145,195.50898932080185,9.69093770606426,45.86183747708419,98540.0,8.0
2024-11-01,163.325433,187.23738009194165,8.203530350686838,24.2284456769994,97288.0,8.0
2024-12-01,161.366155,173.98326387100977,7.688284525460109,26.69355360883329,103096.0,8.0
2025-01-01,157.447599,151.04485700682886,5.68122042655228,18.580029145003696,91947.0,8.0
2025-02-01,154.861351,140.11713972294504,3.836048051921392,10.420682838039962,93496.0,8.0
2025-03-01,153.764155,131.03711796110582,2.8841111058690583,0.2427569549164898,106871.0,8.0
2025-04-01,153.607413,127.57328013914574,2.136529243877683,-6.691360362636456,138682.0,8.0
2025-05-01,153.685784,128.43214095367262,1.5010346996442658,-9.46106597681574,134455.0,8.0
2025-06-01,155.253207,133.89710882544853,-0.1512094284638165,-11.11278604706072,112387.0,8.0
2025-07-01,157.996196,141.09346845361847,-0.8362031587743624,-21.69026032198985,115049.0,8.0
2025-08-01,158.93665,145.8092331775249,0.0493339097548561,-18.286663032358696,95104.0,8.0
2025-09-01,158.309681,133.6971976225874,-1.3671877348558017,-26.97346676369313,102489.0,8.0
2025-10-01,157.996196,132.98263110757824,-3.724928918495074,-31.98132138600897,91751.0,8.0
2025-11-01,158.779908,146.8762037323085,-2.7831091070794844,-21.55615312488033,78021.0,8.0
2025-12-01,158.388052,292.7391621559782,-1.8455561514742704,68.2570815391838,81398.0,7.0
2026-01-01,,151.7740966511261,,0.4827967391595855,80499.0,7.0
2026-02-01,,138.2103893383198,,-1.3608259406347245,89246.0,7.0
2026-03-01,,138.70827282443278,,5.854184663618667,125838.0,7.0
2026-04-01,,138.63160071096277,,8.668210584344616,135459.0,7.0
2026-05-01,,149.8588186929337,,16.683267584077743,128168.0,7.0
2026-06-01,,153.58344979254818,,14.702588532186487,115752.0,7.0
2026-07-01,,157.93087190760312,,11.933510203216535,96223.0,7.0
