date,food_cpi_yoy,baseline_fitted,full_fitted,full_residual
2002-02-01,4.783919830499661,4.695953932618238,4.698179714110468,0.08574011638919288
2002-03-01,4.7624347739185335,4.912781896891337,4.952088915204101,-0.18965414128556723
2002-04-01,4.319969227465914,4.90260523765736,4.7853322589692695,-0.46536303150335545
2002-05-01,4.291307139947853,4.5013555231912346,4.458595168113653,-0.16728802816579957
2002-06-01,3.832330321905375,4.490374932511714,4.4363142382097855,-0.6039839163044105
2002-07-01,3.5839569024707085,4.070749753026394,4.044747860371285,-0.4607909579005769
2002-08-01,3.560918242758637,3.8421206173384888,3.7150815259713816,-0.15416328321274442
2002-09-01,3.964426610681127,3.81678412462141,3.7839738680249697,0.1804527426561573
2002-10-01,3.742416579503427,4.184902015641105,4.152730515516804,-0.4103139360133774
2002-11-01,3.3206558597337787,3.959156242524072,3.941292383634327,-0.6206365239005485
2002-12-01,2.94918551161365,3.544602078751489,3.5285875015718697,-0.5794019899582197
2003-01-01,3.1590058857517977,3.1810237577831684,3.1563662637299217,0.0026396220218760647
2003-02-01,3.560918242758637,3.371732550323244,3.3727519269597126,0.18816631579892462
2003-03-01,3.742416579503427,3.7520986924522632,3.815090703909827,-0.07267412440639998
2003-04-01,4.715315838729794,3.932964565241656,4.054353444196034,0.6609623945337608
2003-05-01,4.295637268514052,4.863818289304223,4.8135669890056985,-0.5179297204916464
2003-06-01,4.066293118916353,4.484823460152028,4.4265619441877,-0.36026882527134685
2003-07-01,3.832759702487043,4.281322396517577,4.2595847198121435,-0.4268250173251005
2003-08-01,2.8578898459874718,4.066660274105609,4.117540634982017,-1.2596507889945454
2003-09-01,2.662070457475308,3.1454857578259423,3.1572415951061705,-0.49517113763086273
2003-10-01,3.029433053511932,2.9495324200366864,2.975408103425734,0.05402495008619779
2003-11-01,2.8287046858428644,3.2784883747969795,3.3841035111652427,-0.5553988253223783
2003-12-01,3.428672367156449,3.071963939528221,3.091759350807677,0.33691301634877213
2004-01-01,4.007435490724176,3.6226770677565585,3.6352718316961736,0.3721636590280024
2004-02-01,3.809040074970138,4.16062489235636,4.1986010955315365,-0.3895610205613984
2004-03-01,3.218510293411025,3.9759710655685767,3.9076271105587668,-0.6891168171477418
2004-04-01,2.0581950105520885,3.4302247554726493,3.23480139962686,-1.1766063890747716
2004-05-01,2.6136226622379244,2.353354099764429,2.3843904840411914,0.22923217819673303
2004-06-01,2.783222318334011,2.8921031242914834,2.9357770944914323,-0.1525547761574213
2004-07-01,2.9448803475648377,3.0640772831665206,3.096748927520154,-0.1518685799553161
2004-08-01,4.247966804222414,3.2213587625233187,3.229380911313877,1.0185858929085367
2004-09-01,4.432337892508831,4.444135703422258,4.4651593482201175,-0.032821455711286696
2004-10-01,4.214243031461007,4.606007457374135,4.601623784941585,-0.38738075348057777
2004-11-01,3.840739871169152,4.383946537498828,4.499084790648303,-0.6583449194791511
2004-12-01,3.4893047197529947,4.014811095922417,4.02048249474302,-0.5311777749900255
2005-01-01,4.023341793160373,3.6700893653637716,3.6053810333018217,0.4179607598585515
2005-02-01,3.840739871169152,4.165942229730457,4.255016557119172,-0.41427668595001954
2005-03-01,3.840739871169152,3.996179191171742,4.056867983470369,-0.21612811230121665
2005-04-01,4.570965007413763,4.006223691623147,4.06250750299595,0.5084575044178132
2005-05-01,3.448128695487896,4.708679032195564,4.818437730944305,-1.3703090354564096
2005-06-01,3.0615526541987403,3.6678909736216583,3.7166695574088813,-0.6551169032101409
2005-07-01,3.7443118372604944,3.316407465653302,3.254867278902973,0.4894445583575213
2005-08-01,3.179398405499212,3.9641353910812533,4.015910805360484,-0.836512399861272
2005-09-01,3.3493675840359005,3.4288008793358404,3.4153645598141518,-0.06599697577825125
2005-10-01,3.85530503272975,3.577117941647783,3.613712932023608,0.2415921007061419
2005-11-01,4.913999660530766,4.03649683541124,4.113528201699436,0.8004714588313293
2005-12-01,5.128118251111746,5.015307584468319,5.130440315731392,-0.0023220646196460137
2006-01-01,4.030267478728389,5.202869885110904,5.259834667877988,-1.2295671891495994
2006-02-01,4.21320268133234,4.162833626087829,4.088263534598213,0.12493914673412654
2006-03-01,4.21320268133234,4.337104336728864,4.1069293286022335,0.1062733527301063
2006-04-01,4.288081919699449,4.34714883718027,4.380227016179612,-0.09214509648016289
2006-05-01,5.45834248120618,4.432810174902305,4.440615997387114,1.0177264838190654
2006-06-01,6.692836477885855,5.550223463233849,5.555153592828176,1.1376828850576794
2006-07-01,5.832170228490607,6.724447647734349,6.756034127717365,-0.9238638992267578
2006-08-01,5.4702456448395775,5.91954490335962,5.904009702886136,-0.4337640580465587
2006-09-01,5.893241395644844,5.575258057534462,5.579050359046318,0.3141910365985261
2006-10-01,6.369856256083306,5.961716951270853,5.9270998643554265,0.4427563917278796
2006-11-01,5.481632271849612,6.393498210498794,6.313582247443287,-0.831949975593675
2006-12-01,6.012707105152271,5.53992131841852,5.510370160920724,0.5023369442315468
2007-01-01,6.190958992026041,6.025794343687419,5.922803494599753,0.26815549742628786
2007-02-01,6.962682255752539,6.186791721710689,6.036013332417856,0.9266689233346828
2007-03-01,6.190958992026041,6.915213982283564,7.113048843704887,-0.9220898516788463
2007-04-01,6.139492303334593,6.198933220811074,6.22858577748471,-0.08909347415011748
2007-05-01,6.088876882359218,6.165681156699538,6.132345823233462,-0.04346894087424413
2007-06-01,5.242917953257598,6.134038676683561,6.082810269038351,-0.8398923157807534
2007-07-01,5.941914927108249,5.350196301233928,5.308021130206807,0.6338937969014422
2007-08-01,6.682675772688196,6.013206800353983,5.957186361663468,0.7254894110247276
2007-09-01,5.894493167189996,6.706737940393894,6.629527520408107,-0.7350343532181114
2007-10-01,5.078102117686356,5.953268211749865,5.881804494270244,-0.803702376583888
2007-11-01,5.078102117686356,5.168106947212346,5.137159046573557,-0.05905692888720093
2007-12-01,5.078102117686356,5.150502674229199,5.082806069687912,-0.004703952001555933
2008-01-01,5.078102117686356,5.136542293495649,5.07425317211643,0.003848945569925988
2008-02-01,5.038530771498029,5.129773770829544,5.108095540638925,-0.06956476914089649
2008-03-01,7.248161829460775,5.094600903537647,5.064767764172667,2.183394065288108
2008-04-01,7.191697692609056,7.184290961361744,7.104204187493054,0.08749350511600174
2008-05-01,7.136106345733362,7.1463354329197015,7.100228884662348,0.03587746107101353
2008-06-01,7.081366248825405,7.110009744747718,7.093651530188905,-0.012285281363499934
2008-07-01,7.669706556784495,7.070841337991415,7.206649036700813,0.46305752008368195
2008-08-01,8.301963890991138,7.629704747584572,7.701315586041476,0.6006483049496616
2008-09-01,8.991350771891504,8.221115289448752,8.330501565071277,0.6608492068202274
2008-10-01,9.60840614735259,8.858294378409294,8.979856957530082,0.6285491898225075
2008-11-01,9.60840614735259,9.422254488078996,9.515030804585917,0.09337534276667192
2008-12-01,8.92448844266045,9.404650215095849,9.542931503408026,-0.618443060747575
2009-01-01,9.60840614735259,8.747004812355556,8.682477970354261,0.9259281769983279
2009-02-01,8.858589333940724,9.383921311696195,9.297891741325227,-0.43930240738450266
2009-03-01,7.39058924313003,8.68031081259981,8.640575232354363,-1.2499859892243332
2009-04-01,8.002098077393827,7.30871295421692,7.3340860551264555,0.6680120222673711
2009-05-01,7.944710121728438,7.899435691686923,7.911218848560672,0.033491273167765456
2009-06-01,8.543288722960817,7.8614190834519,7.85457904386138,0.6887096790994374
2009-07-01,10.927394872773988,8.43713673346054,8.35710033544953,2.5702945373244575
2009-08-01,10.77731628507732,10.686126846167966,10.652598539026389,0.12471774605093167
2009-09-01,10.703805694107004,10.5412237765375,10.527617327753154,0.17618836635385016
2009-10-01,10.559751845831643,10.460384202432401,10.467546660296797,0.09220518553484602
2009-11-01,12.41431860834028,10.308008700274565,10.317856095232894,2.096462513107385
2009-12-01,13.74164797359727,12.035872981692576,12.076417374409393,1.6652305991878773
2010-01-01,14.883146797774405,13.271159441366878,13.231873520403125,1.6512732773712795
2010-02-01,13.64928096603524,14.338739032107021,14.285323017210466,-0.6360420511752256
2010-03-01,13.64928096603524,13.179554564276192,13.154930063362565,0.4943509026726751
2010-04-01,12.249571380779356,13.189599064727597,13.087693306411614,-0.8381219256322581
2010-05-01,12.774307090983084,11.887416904799679,11.865034234739444,0.909272856243641
2010-06-01,12.608111145298206,12.397279496218186,12.431640456456556,0.1764706888416505
2010-07-01,10.34321509013074,12.253211830412804,12.326988077575207,-1.9837729874444676
2010-08-01,9.084921682959358,10.12668561112322,10.181059007318979,-1.0961373243596206
2010-09-01,9.029382218524562,8.938760441658552,8.933355313373742,0.09602690515082024
2010-10-01,8.920332563793032,8.874834810415498,8.89523518011411,0.025097383678922114
2010-11-01,7.669698017864124,8.755404317484658,8.773280017751464,-1.1035819998873402
2010-12-01,8.709922592207263,7.560736313447765,7.600729645641866,1.1091929465653978
2011-01-01,8.558361927809255,8.52580743523896,8.691042045904016,-0.1326801180947612
2011-02-01,6.170208221313067,8.376394075439558,8.37073214122041,-2.2005239199073428
2011-03-01,5.337966797966898,6.1308247824058935,6.1051897328868545,-0.7672229349199569
2011-04-01,5.694642560562846,5.357585950336107,5.305609844561554,0.3890327160012923
2011-05-01,5.265151430450654,5.708466627541853,5.6949922851660055,-0.4298408547153514
2011-06-01,5.311261591724548,5.320236479886342,5.231933990337095,0.07932760138745287
2011-07-01,4.605846288269566,5.375985634426966,5.364702999427229,-0.7588567111576632
2011-08-01,5.859292628864821,4.717200921313195,4.761944725840163,1.0973479030246578
2011-09-01,6.786889567304932,5.8932579147962745,5.970843056467167,0.816046510837765
2011-10-01,6.93128625185282,6.754633928441957,6.824059348794583,0.10722690305823779
2011-11-01,6.165472084012369,6.873740340400919,6.857381179161215,-0.691909095148846
2011-12-01,2.9255946555126755,6.135372288241515,6.132556609333759,-3.206961953821083
2012-01-01,1.516793335684552,3.072126065724218,3.134646868343616,-1.6178535326590642
2012-02-01,5.487123046117981,1.739431481581322,1.883034229575395,3.604088816542586
2012-03-01,7.6749439274437,5.478270066498155,5.5172999400753255,2.157643987368375
2012-04-01,9.561304843353424,7.547432970349982,7.53519220062406,2.0261126427293643
2012-05-01,9.944133315196837,9.338012334720721,9.413763721093577,0.5303695941032593
2012-06-01,10.607734227081478,9.71431563498446,9.649472570053296,0.9582616570281814
2012-07-01,11.43790764731416,10.351230541879398,10.246727156560986,1.1911804907531742
2012-08-01,11.625403727858895,11.137700798214237,11.029685281700742,0.5957184461581537
2012-09-01,10.61571131879937,11.310513962956879,11.251226977059565,-0.6355156582601946
2012-10-01,9.758656868817717,10.348565141284745,10.317413672922429,-0.5587568041047124
2012-11-01,10.515247197190993,9.525132573559743,9.50058899118285,1.0146582060081428
2012-12-01,12.179487537771095,10.219610849146184,10.189164587100787,1.9903229506703077
2013-01-01,12.700106223639862,11.771988893198742,11.711416015900065,0.988690207739797
2013-02-01,13.16348187276597,12.255212730682763,12.219854145485955,0.9436277272800151
2013-03-01,12.054507568855756,12.6934264767983,12.779189107404116,-0.72468153854836
2013-04-01,10.574948240274118,11.659734071010838,11.59985565758902,-1.0249074173149015
2013-05-01,10.975609835166322,10.282399471780291,10.272352821247546,0.7032570139187762
2013-06-01,12.08791260619888,10.675486829721379,10.679675709952159,1.4082368962467218
2013-07-01,12.12121212121211,11.734707906055379,11.851686207760682,0.26952591345142807
2013-08-01,12.439730397343762,11.77118179046024,11.872408677277393,0.5673217200663689
2013-09-01,13.5316695377647,12.067309535701568,12.15957575571029,1.3720937820544101
2013-10-01,14.91395777171962,13.083360027245558,13.137006060582332,1.7769517111372881
2013-11-01,16.650807970376192,14.367536803307328,14.447243722354443,2.203564248021749
2013-12-01,12.761904329055284,15.984609408367461,16.015039809732915,-3.2531354806776314
2014-01-01,9.659091952635237,12.310517101275073,12.310110526037134,-2.651018573401897
2014-02-01,8.161350529874078,9.38346469197121,9.435372014945582,-1.2740214850715041
2014-03-01,8.60617414177538,7.975927586902403,8.138793771992503,0.46738036978287667
2014-04-01,9.192200821115094,8.404628154379735,8.473450947948233,0.7187498731668605
2014-05-01,8.882784438132862,8.971367770283274,8.926919251825097,-0.04413481369223504
2014-06-01,7.30837835475151,8.696148757912812,8.714564647752017,-1.4061862930005065
2014-07-01,8.71839592282646,7.226711435415615,7.111376805353668,1.6070191174727917
2014-08-01,8.576329385480875,8.558915470103717,8.507971350431882,0.06835803504899296
2014-09-01,6.33981435579194,8.421553127626785,8.405480930635857,-2.0656665748439167
2014-10-01,4.326123440755247,6.3049517210889245,6.346017948533964,-2.0198945077787167
2014-11-01,2.0391525227500207,4.392923897889594,4.3936428928658575,-2.354490370115837
2014-12-01,4.391892194080849,2.222883863139425,2.173587656906375,2.2183045371744736
2015-01-01,6.303971863735747,4.423259032906693,4.437408124738572,1.8665637389971748
2015-02-01,6.7649608830764985,6.216088672119563,6.200213853268109,0.5647470298083892
2015-03-01,6.287682557608321,6.652056186217169,6.592655648527402,-0.30497309091908154
2015-04-01,5.442176575505564,6.212899112671279,6.3757700133757025,-0.9335934378701385
2015-05-01,5.130360681793178,5.432318537326434,5.635344516631169,-0.5049838348379909
2015-06-01,5.730896013558451,5.154841169737868,5.152193652561449,0.5787023609970019
2015-07-01,2.8067366591370657,5.732400442104703,5.768664053562011,-2.9619273944249453
2015-08-01,2.922590037982076,2.985393266733541,3.004851415487853,-0.08226137750577678
2015-09-01,4.292527825164694,3.0907782398913963,3.0948896625467675,1.1976381626179262
2015-10-01,5.342903061859716,4.368473610389334,4.317330191078185,1.0255728707815308
2015-11-01,6.075139029555232,5.340262765133809,5.2242878197962765,0.8508512097589556
2015-12-01,6.310679511422679,6.011819368885654,6.008098217506074,0.3025812939166048
2016-01-01,6.6612514389759125,6.219543379730437,6.232611434540882,0.4286400044350307
2016-02-01,5.523964481523991,6.542723763714772,6.437754257808488,-0.9137897762844975
2016-03-01,5.186386516724584,5.4744103700909585,5.345246030108559,-0.15885951338397497
2016-04-01,6.29032251425703,5.166735533537173,5.125719282501882,1.164603231755148
2016-05-01,7.200000416479901,6.220917525316114,6.152998660835487,1.0470017556444144
2016-06-01,7.46268733014015,7.093077395546411,7.08757031319957,0.37511701694058
2016-07-01,7.956318046216104,7.352662787502052,7.306981754356444,0.6493362918596599
2016-08-01,5.832693980481185,7.822388066414724,7.85531892541592,-2.0226249449347353
2016-09-01,4.115852688955868,5.820036862678418,5.8097198779995916,-1.6938671890437238
2016-10-01,3.7093107966982064,4.192538456825049,4.203623590662604,-0.4943127939643972
2016-11-01,2.5621709038692986,3.793116239531637,3.7524894586379,-1.1903185547686013
2016-12-01,1.978690666537819,2.6958546304472506,2.6583147221360113,-0.6796240555981923
2017-01-01,1.3709060001801945,2.1327382813413402,2.0609494565707007,-0.6900434563905062
2017-02-01,2.3864511071691075,1.5539391128011462,1.6444681529668674,0.74198295420224
2017-03-01,2.5423726147700387,2.5118399604457506,2.4509281986131035,0.09144441615693522
2017-04-01,1.289832893852738,2.6686336068292804,2.8289968028955954,-1.5391639090428575
2017-05-01,-0.2238802282057972,1.5049637806450167,1.5940258720788048,-1.817906100284602
2017-06-01,-1.1695905778198346,0.09629293967490439,0.07956506522301435,-1.249155643042849
2017-07-01,0.4335262180670263,-0.7814328004942349,-0.7183888738057659,1.1519150918727923
2017-08-01,1.9579410130228905,0.732511054424936,0.7522557102750747,1.2056853027478158
2017-09-01,1.7569554599440096,2.1635962981077315,2.169317090397634,-0.4123616304536246
2017-10-01,2.2627737178688934,1.9627807046260104,1.9590415456910115,0.30373217217788184
2017-11-01,4.408523370690864,2.4220474192307497,2.3965802208884988,2.0119431498023657
2017-12-01,4.850746847807841,4.423965236437395,4.414870790073751,0.4358760577340899
2018-01-01,4.583020397859805,4.82621374552645,4.842385249251322,-0.259364851391517
2018-02-01,3.458646665592524,4.567468260362843,4.501699353941695,-1.0430526883491709
2018-03-01,3.0803903977542517,3.5113348233425827,3.4014893702954376,-0.3210989725411859
2018-04-01,2.996255490668953,3.165374657710271,3.0653230266440143,-0.06906753597506121
2018-05-01,3.290949226109019,3.1013761416038523,3.1140253084950285,0.1769239176139905
2018-06-01,3.10650846388636,3.394729389029172,3.3851663306351654,-0.27865786674880555
2018-07-01,1.7266186059743394,3.2334901906635705,3.2178088711169632,-1.4911902651426239
2018-08-01,0.7823609239794749,1.9399080955693202,1.9511100526116008,-1.1687491286321259
2018-09-01,1.0071934983398867,1.047544937855969,1.026903628944473,-0.019710130604586373
2018-10-01,-0.142754939545675,1.2474979585674018,1.2017108045592342,-1.3444657441049093
2018-11-01,-1.6889522439088478,0.14840141584056044,0.07735297284748346,-1.7663052167563313
2018-12-01,-1.6370106949017416,-1.324442338526956,-1.3988741010404795,-0.23813659386126207
2019-01-01,-1.293103147993191,-1.2895167248107,-1.2865886443951253,-0.006514503598065602
2019-02-01,-0.0726742986472572,-0.9726086773553126,-0.9861638112780314,0.9134895126307743
2019-03-01,0.6559765265792716,0.17812325991179023,0.28424264670122334,0.3717338798780483
2019-04-01,1.3818177552822997,0.8739543970496914,0.9023462451241249,0.4794715101581748
2019-05-01,2.027516653826944,1.5722837212856104,1.510816563142251,0.516700090684693
2019-06-01,2.367288139754131,2.195993625056235,2.1470734807346394,0.22021465901949178
2019-07-01,2.333804564628328,2.528128951390838,2.3894321552324143,-0.0556275906040864
2019-08-01,2.9640080866701,2.5017483804264335,2.480989404724814,0.48301868194528597
2019-09-01,4.700855147495897,3.0912259293011473,3.0824521018029882,1.6184030456929088
2019-10-01,6.933523444332645,4.714246478923963,4.745657746754481,2.1878656975781636
2019-11-01,8.732999540473617,6.798778189117147,6.823333539403377,1.9096660010702404
2019-12-01,12.156294522829649,8.474792611188123,8.425893476918432,3.7304010459112167
2020-01-01,11.717612013127688,11.682745760307292,11.725683635099813,-0.008071621972124632
2020-02-01,9.454544685161114,11.263101011489695,11.433058233580155,-1.9785135484190413
2020-03-01,7.820420059112876,9.135233291961013,9.165283157317193,-1.3448630982043168
2020-04-01,10.473457811018273,7.607283471365984,7.73089670287658,2.742561108141693
2020-05-01,8.374733634629461,10.119438535070431,10.21019481892271,-1.8354611842932496
2020-06-01,7.918710965750519,8.160170961778144,8.232122581896448,-0.3134116161459293
2020-07-01,8.500345634522045,7.743326148346073,7.855111407306222,0.6452342272158234
2020-08-01,8.293351967948293,8.295878389975012,8.294613224520514,-0.0012612565722207592
2020-09-01,9.795918703923668,8.097408372818302,8.083674646628113,1.712244057295555
2020-10-01,10.093583330698497,9.499930556888534,9.44318118237557,0.650402148322927
2020-11-01,8.887426425866796,9.763288650136674,9.669701222390609,-0.7822747965238133
2020-12-01,3.870967954377536,8.610481810377362,8.607271945428423,-4.736303991050887
2021-01-01,2.6710103633440063,3.875165103490504,3.9107525134003045,-1.2397421500562982
2021-02-01,4.2524923303634665,2.739028642120042,2.7737903737118135,1.478701956651653
2021-03-01,5.238414994159424,4.229574101395472,4.116565691018067,1.1218493031413566
2021-04-01,2.597402457516096,5.167542600872637,5.068752304202754,-2.4713498466866577
2021-05-01,5.239031346778011,2.697079356686884,2.672521731224964,2.5665096155530476
2021-06-01,5.584415490799222,5.199305098232301,5.313527047018093,0.27088844378112853
2021-07-01,4.458598684701842,5.53672290800604,5.581952167534463,-1.1233534828326208
2021-08-01,3.734177523911209,4.482267562850578,4.468920200234427,-0.7347426763232181
2021-09-01,1.6109042949086216,3.7968086496368327,3.749130426040466,-2.1382261311318445
2021-10-01,1.8214937179092283,1.7867873922408728,1.7919321252934157,0.029561592615812593
2021-11-01,2.5997577273322747,1.9681926363770257,1.9838701210451921,0.6158876062870826
2021-12-01,4.472049450203941,2.683069599945625,2.7925719988607147,1.6794774513432262
2022-01-01,5.583756028722497,4.43126003146834,4.487352491220025,1.0964035375024723
2022-02-01,5.92734222977982,5.470799958706857,5.743639025068157,0.18370320471166313
2022-03-01,7.466497237356529,5.796271085370773,5.966505532343938,1.4999917050125902
2022-04-01,8.101266205108605,7.2549270461290485,7.034307288570507,1.0669589165380975
2022-05-01,7.840696705768013,7.867541598116448,7.7275999118480465,0.11309679391996674
2022-06-01,7.564575735523249,7.63829596405761,7.605367448466929,-0.04079171294367967
2022-07-01,6.707316902382199,7.390769809946573,7.335454854231138,-0.628137951848939
2022-08-01,7.565588743243023,6.5890740344681324,6.574168472790597,0.9914202704524255
2022-09-01,8.414634271586374,7.3932033752337505,7.372220234599207,1.042414036987167
2022-10-01,5.784137922596688,8.180648906030545,8.147819029479164,-2.363681106882476
2022-11-01,4.065998893228273,5.688100332156058,5.720438064693814,-1.6544391714655413
2022-12-01,4.577883522119852,4.053429632405255,4.072195132016796,0.5056883901030558
2023-01-01,6.189903609749958,4.52124135137383,4.499990586090516,1.6899130236594422
2023-02-01,6.257520710665321,6.031662950359251,6.029123563078975,0.228397147586346
2023-03-01,5.106888260257403,6.097399352977645,5.971174587729035,-0.8642863274716319
2023-04-01,4.156908525578196,5.02449941569748,5.2035405547739195,-1.0466320291957238
2023-05-01,3.346797095244969,4.1455909432022455,4.258855539871902,-0.9120584446269335
2023-06-01,4.688393662544699,3.3991311655150414,3.514536873800255,1.1738567887444438
2023-07-01,10.571428650591418,4.67415742028448,4.699471209203822,5.871957441387596
2023-08-01,9.188882622215932,10.21624562182148,10.240515468369438,-1.051632846153506
2023-09-01,6.299212248076835,8.911377213915339,8.88780386550561,-2.588591617428775
2023-10-01,7.609921494641947,6.1800434947296035,6.17012521034846,1.4397962842934868
2023-11-01,9.06002289799006,7.39685204540822,7.391293523574658,1.6687293744154008
2023-12-01,8.698124119218287,8.744044366112185,8.721193370916422,-0.023069251698135673
2024-01-01,7.583475328542311,8.389474549799274,8.415145414526396,-0.8316700859840855
2024-02-01,7.757644619951343,7.3336284459656715,7.2803879185302645,0.47725670142107823
2024-03-01,7.740112471804883,7.499622540826807,7.555079804237561,0.18503266756732195
2024-04-01,7.869589585345849,7.493166253116046,7.580794525268062,0.28879506007778666
2024-05-01,7.872697397396733,7.630213648315019,7.537281941312222,0.33541545608451084
2024-06-01,8.356089008300604,7.649134036017676,7.589031710751368,0.7670572975492354
2024-07-01,5.064599706419082,8.116440776503403,8.03830430476891,-2.973704598349829
2024-08-01,5.298701170263964,5.023712495080384,4.994803504028057,0.3038976662359074
2024-09-01,8.359788766290244,5.2403893980613745,5.245407187820449,3.1143815784697946
2024-10-01,9.69093770606426,8.109749663990327,8.017732929280733,1.6732047767835265
2024-11-01,8.203530350686838,9.3457955063529,9.23706356049905,-1.0335332098122123
2024-12-01,7.688284525460109,7.928283277031521,7.8289007519336336,-0.1406162264735249
2025-01-01,5.68122042655228,7.429387328649165,7.4572415604048885,-1.7760211338526082
2025-02-01,3.836048051921392,5.53362384385384,5.399850666773994,-1.563802614852602
2025-03-01,2.8841111058690583,3.7990940343034927,3.7134038040382857,-0.8292926981692275
2025-04-01,2.136529243877683,2.9132009828171936,2.83652595917684,-0.6999967152991573
2025-05-01,1.5010346996442658,2.2247839660064255,2.195047042343045,-0.694012342698779
2025-06-01,-0.1512094284638165,1.642668923659127,1.795603521836674,-1.9468129503004905
2025-07-01,-0.8362031587743624,0.09997251868878204,0.1332472623003232,-0.9694504210746855
2025-08-01,0.0493339097548561,-0.5395919568602877,-0.5266020746603115,0.5759359844151676
2025-09-01,-1.3671877348558017,0.2901986857715381,0.3226817957868513,-1.689869530642653
2025-10-01,-3.724928918495074,-1.0546469137469845,-1.041589921853325,-2.6833389966417487
2025-11-01,-2.7831091070794844,-3.2904856329028176,-3.2503351211987415,0.467226014119257
2025-12-01,-1.8455561514742704,-2.4216743300378103,-2.420689981461113,0.5751338299868427
